28	27	26	25	24	23	22	20	18	16	15	14	14	14	15	17	19	22	25	29	32	36	40	44	47	49	50	51	51	51	51	51	49	45	39	32	23	16	9	5	2	1	1	1	1	2	3	4	5	7	8	10	12	14	15	17	18	19	20	22	23	24
28	28	27	26	24	23	22	20	18	17	15	14	14	15	15	17	19	22	25	28	32	36	40	44	47	49	50	51	51	52	52	51	49	45	39	32	23	15	9	5	2	1	1	1	1	2	3	4	5	7	9	10	12	14	15	17	18	19	21	22	24	25
29	28	27	26	25	23	22	20	19	17	16	15	15	15	16	17	19	21	24	28	32	36	40	44	47	50	51	51	52	52	52	51	49	45	39	31	23	15	9	5	2	1	1	1	1	2	3	4	5	7	9	11	12	14	15	17	18	20	21	23	24	25
29	29	28	26	25	24	22	21	19	18	17	16	16	16	16	17	19	21	24	28	32	36	41	44	48	50	51	52	52	52	52	52	49	45	39	31	23	15	8	4	2	1	1	1	1	2	3	4	6	7	9	11	12	14	16	17	19	20	22	24	25	26
30	29	28	27	25	24	22	21	19	18	17	16	16	16	17	18	19	22	25	29	33	37	41	45	48	50	51	52	52	53	53	52	50	46	39	31	22	14	8	4	2	1	1	1	1	2	3	5	6	8	9	11	12	14	16	18	19	21	23	25	26	27
30	30	29	27	25	23	22	21	19	18	17	16	16	16	17	18	20	22	25	29	33	37	41	45	48	50	51	52	53	53	53	52	50	46	40	31	23	15	8	4	2	1	1	1	1	2	3	5	7	8	9	11	12	14	16	18	20	22	24	26	27	28
31	30	29	27	25	23	22	20	19	18	17	16	16	16	17	18	20	23	26	30	34	38	42	45	48	50	51	53	53	54	54	53	51	47	40	32	23	15	8	4	2	1	1	1	1	2	3	5	7	8	9	10	12	14	16	18	20	23	25	26	28	29
31	30	29	27	25	23	21	20	19	18	17	16	16	16	16	18	20	23	27	31	35	39	42	45	48	50	52	54	55	56	56	55	52	48	41	33	24	16	9	5	2	1	1	1	2	2	3	5	7	8	9	10	12	14	16	18	21	23	25	27	29	30
31	30	29	27	25	23	21	20	19	18	17	16	15	15	16	17	20	23	27	31	36	40	43	46	49	51	53	55	57	58	58	56	54	49	42	34	25	16	9	5	2	1	1	1	2	2	3	5	7	8	9	10	12	14	16	18	21	23	26	28	29	30
30	30	29	27	25	23	21	20	19	18	17	15	14	14	15	16	19	23	27	32	37	41	45	48	50	52	55	57	59	60	60	58	55	50	43	35	25	17	10	5	2	1	1	1	2	3	4	5	7	8	9	11	12	14	16	19	21	24	26	28	29	30
30	29	28	27	25	23	21	20	19	18	16	15	14	13	14	16	19	23	27	32	37	42	46	49	52	54	56	59	60	61	61	60	56	51	44	35	26	17	10	5	2	1	1	1	2	3	4	6	7	8	10	11	13	15	17	19	22	24	27	28	30	30
30	29	28	26	25	23	21	20	19	18	16	14	13	13	13	15	18	22	27	33	38	43	47	50	53	55	57	60	61	62	62	60	57	52	45	36	27	18	11	6	3	2	1	1	2	3	4	6	7	9	10	11	13	15	17	19	22	25	27	29	30	30
29	29	28	26	25	23	21	20	19	18	16	14	13	13	13	15	18	22	28	33	39	43	48	51	54	56	58	60	62	63	62	61	57	52	45	37	27	19	12	7	4	2	2	2	2	3	5	6	8	9	10	12	13	15	17	20	22	25	27	29	30	30
29	29	28	26	25	23	21	20	19	18	16	15	14	13	14	15	19	23	28	34	39	44	48	51	54	56	58	60	61	62	62	61	58	53	46	38	29	20	13	8	4	3	2	2	2	3	5	6	8	9	11	12	14	15	18	20	23	25	27	29	30	30
30	29	28	27	25	23	21	20	19	18	17	15	14	14	15	16	20	24	29	34	39	44	48	52	54	56	57	59	61	62	62	61	58	53	47	39	30	21	14	9	5	3	2	2	3	4	5	6	8	9	11	12	14	16	18	20	23	25	27	29	30	30
30	30	28	27	25	23	21	20	18	18	17	16	15	15	16	17	20	25	30	35	40	45	49	52	55	56	57	59	60	62	62	61	58	54	47	40	31	23	16	10	6	4	3	2	3	4	5	6	8	9	11	12	14	16	18	21	23	26	28	29	30	30
30	30	29	27	25	23	21	19	18	17	17	16	16	16	16	18	21	26	31	36	41	46	50	53	56	57	58	59	61	62	62	62	59	55	48	41	32	24	17	11	7	4	3	3	3	4	5	6	7	9	11	12	14	16	19	21	24	26	28	29	30	30
31	30	29	27	25	23	21	19	18	17	17	16	16	16	17	18	22	26	32	37	42	47	51	55	57	58	59	60	61	63	63	63	60	55	49	41	33	25	17	11	7	5	3	3	3	4	5	6	7	9	11	12	14	17	19	22	24	26	28	29	30	30
31	30	29	27	25	23	21	19	18	17	16	16	16	16	17	19	22	27	32	38	43	48	53	56	58	59	60	61	63	64	64	63	60	55	49	41	33	25	18	12	7	5	3	3	3	4	5	6	7	9	10	12	15	17	19	22	24	26	28	29	30	30
31	30	29	27	25	23	21	19	17	16	16	16	16	16	17	19	23	27	33	38	43	49	53	56	58	60	61	62	63	65	65	63	60	55	48	41	32	24	17	12	7	5	3	3	3	4	5	6	7	9	10	12	15	17	19	22	24	26	28	29	30	31
31	30	29	27	25	23	21	19	17	16	16	16	16	17	18	20	23	27	32	38	43	48	52	55	58	60	61	62	64	65	65	63	60	55	48	40	31	23	17	11	7	5	4	4	4	4	5	6	7	9	10	12	15	17	19	22	24	27	29	30	31	31
31	30	29	27	25	23	21	19	17	16	16	16	16	17	18	20	23	27	32	37	41	46	50	54	57	59	61	62	64	65	65	63	60	54	47	39	31	23	16	11	7	5	4	4	4	5	5	6	7	8	10	13	15	17	19	22	25	27	29	30	31	32
31	30	29	27	25	23	21	19	17	16	16	16	16	17	18	21	24	27	31	36	40	44	48	52	56	58	60	62	63	65	65	63	59	54	47	39	30	22	15	10	6	5	4	4	4	5	5	6	7	8	10	13	15	17	19	22	25	27	29	31	32	32
31	30	29	27	25	23	21	19	17	16	16	16	16	17	19	21	24	27	31	35	39	43	47	51	55	57	59	61	63	65	65	63	60	54	47	39	30	22	15	10	6	5	4	4	4	5	5	6	7	8	10	13	15	17	20	22	25	27	29	31	32	32
31	30	28	27	24	22	20	19	17	16	16	16	16	17	19	21	24	27	31	34	38	42	47	51	54	57	59	61	63	65	66	64	60	54	47	39	30	22	14	9	6	4	4	4	4	5	5	6	7	9	11	13	15	18	20	22	25	27	29	31	32	32
31	30	28	26	24	22	20	18	17	16	16	16	16	17	18	21	24	27	31	34	38	42	47	50	54	56	58	61	64	66	67	65	61	55	47	39	30	21	14	9	6	4	4	4	4	5	5	6	7	9	11	13	15	18	20	23	25	28	30	31	32	32
30	29	27	26	24	22	20	18	17	16	16	16	16	17	18	20	23	27	30	34	38	42	46	50	53	56	58	61	65	68	69	67	62	55	47	38	29	21	13	8	6	4	4	4	4	5	5	6	7	9	11	13	15	18	20	23	25	27	29	31	31	32
30	29	27	25	23	21	20	19	17	17	16	15	16	16	18	20	23	26	30	33	38	42	46	50	53	55	58	62	66	70	71	69	63	56	47	38	29	20	13	8	6	4	4	4	4	5	5	6	7	9	11	13	15	17	20	23	25	27	29	30	31	32
29	28	26	24	22	21	20	19	18	17	16	15	15	16	17	20	22	25	29	33	37	42	46	50	53	55	59	63	68	71	72	70	64	57	48	38	29	20	13	8	6	5	4	4	4	4	5	6	7	9	10	13	15	17	20	23	25	27	29	30	31	32
29	28	26	24	22	21	20	19	18	17	16	15	15	15	17	19	22	25	29	33	37	42	46	50	53	56	59	64	68	72	73	71	65	58	49	39	30	21	13	8	6	5	5	5	4	4	4	5	7	8	10	12	15	17	20	23	25	27	29	30	31	32
29	28	26	24	22	21	20	19	18	16	15	14	14	15	17	19	22	25	29	33	38	42	47	51	54	57	60	64	68	72	73	71	66	59	50	41	31	22	14	9	6	5	5	5	5	4	4	5	6	8	10	12	15	17	20	23	26	28	30	31	32	32
29	28	26	24	22	21	20	19	18	16	15	14	14	15	16	18	21	25	29	34	38	43	47	51	54	57	60	64	68	71	72	70	66	60	52	43	33	23	15	10	7	6	5	5	5	4	4	5	6	8	10	13	15	18	21	23	26	29	30	32	33	33
30	28	26	24	23	21	20	19	17	16	14	13	13	14	16	18	22	25	30	34	39	44	48	52	55	58	61	64	67	70	71	70	67	61	53	44	34	24	17	11	8	6	5	5	5	4	4	5	6	8	11	13	16	18	21	24	27	29	31	32	33	34
30	29	27	25	23	21	20	19	17	16	14	14	14	14	16	19	22	26	30	35	40	45	49	53	56	58	61	63	66	69	70	70	67	62	54	45	35	25	17	12	8	7	6	5	5	4	4	5	7	9	11	13	16	19	21	24	27	29	31	33	33	34
30	29	27	25	23	22	20	19	17	15	14	14	14	15	16	19	22	26	31	35	40	45	50	53	56	59	61	63	66	68	70	69	67	62	54	45	36	26	18	12	9	7	6	5	5	4	4	5	7	9	11	14	16	19	21	24	27	30	32	33	33	34
31	30	28	26	24	22	20	18	17	15	14	14	14	15	16	19	22	26	31	36	41	46	50	54	57	59	61	64	66	68	69	69	66	62	55	46	36	27	19	13	9	7	6	5	5	4	4	5	7	9	11	14	16	18	21	24	27	29	31	32	33	34
31	30	29	26	24	22	20	18	16	15	14	14	14	15	16	19	22	26	31	36	41	46	51	55	58	60	62	64	66	68	69	69	66	62	55	46	37	27	19	13	10	7	6	5	4	4	4	5	7	9	11	14	16	18	21	24	27	29	31	32	33	33
32	31	29	27	24	22	20	18	17	15	15	14	14	15	16	19	22	26	31	36	41	46	51	55	59	62	64	65	67	68	69	68	66	62	55	47	37	28	20	14	10	7	6	5	4	4	5	6	7	9	12	14	16	18	21	24	26	29	31	32	33	33
32	31	29	27	24	22	20	18	17	16	15	14	15	15	17	19	22	27	31	36	41	47	52	56	60	63	65	67	68	69	70	69	67	62	56	47	38	28	20	14	10	7	6	5	4	4	5	6	8	10	12	14	16	18	21	24	26	28	30	32	33	33
33	31	29	26	24	22	20	18	17	16	15	15	15	16	17	20	23	27	32	37	42	47	52	57	60	63	66	67	69	70	70	70	67	63	56	48	38	28	20	14	10	7	6	5	4	4	5	6	8	10	12	14	16	18	21	24	26	29	30	32	33	33
33	32	29	26	23	21	20	19	18	17	16	16	16	17	18	20	23	28	32	37	42	47	52	57	61	64	66	68	69	71	71	71	68	64	57	48	38	29	20	14	10	7	6	5	4	4	5	6	8	10	12	14	16	19	21	24	27	29	31	32	33	33
33	32	29	26	23	21	20	19	18	17	16	16	16	17	18	20	24	28	32	37	42	48	53	57	61	64	66	68	70	71	72	71	69	64	58	49	39	29	21	15	11	8	6	5	5	5	5	7	8	10	12	14	17	19	22	24	27	29	31	32	33	33
33	31	29	26	23	21	20	19	18	17	16	16	16	17	18	20	24	27	32	37	42	48	53	58	61	64	66	68	70	71	72	72	70	65	58	50	40	30	22	15	11	9	7	6	5	5	6	7	9	11	13	15	17	19	22	25	27	29	31	32	33	33
32	31	29	26	24	22	20	19	18	17	16	16	16	17	18	20	23	27	32	37	43	48	54	59	62	65	67	69	70	72	73	72	70	66	59	50	40	30	22	16	12	10	8	7	6	6	7	8	9	11	13	15	17	19	22	25	27	29	31	32	33	33
32	30	28	26	24	22	20	19	18	17	17	16	17	17	18	20	23	27	32	38	44	49	55	59	63	66	68	69	71	72	73	73	70	66	59	51	41	31	22	16	13	11	9	8	8	8	8	9	10	12	13	15	17	19	22	25	27	29	31	32	33	33
31	30	28	26	24	21	20	19	18	17	16	16	17	17	19	21	24	29	34	39	45	51	56	60	64	67	69	70	72	73	74	73	71	66	60	51	41	31	23	17	14	12	11	10	9	9	9	10	11	12	14	15	17	19	22	25	27	29	31	32	33	33
31	30	28	26	23	21	19	18	17	16	16	16	16	17	19	21	25	30	36	42	47	53	58	62	65	67	69	71	73	74	75	74	71	67	60	51	41	32	24	18	15	13	12	11	10	10	10	11	12	13	14	15	18	20	23	25	27	29	31	32	33	33
31	30	28	26	23	20	18	17	16	15	15	15	16	17	19	22	27	32	38	44	49	54	59	63	66	68	70	72	74	75	75	74	72	67	60	52	42	33	25	19	16	14	13	12	11	11	11	12	12	13	14	16	18	21	23	26	28	30	31	32	33	34
31	30	29	26	23	20	18	16	15	14	14	14	15	16	19	22	27	33	39	45	51	55	60	64	67	69	71	73	74	75	76	75	72	67	61	52	43	34	26	21	17	15	14	13	12	11	11	12	12	13	15	17	19	21	24	27	29	30	32	33	33	34
31	30	29	27	24	20	17	15	14	13	13	14	14	15	18	21	27	33	39	45	51	56	60	65	68	70	72	73	74	75	76	75	72	67	61	52	43	35	27	22	18	16	15	13	12	11	11	12	12	14	15	17	19	22	24	27	29	31	32	33	33	34
30	30	28	26	23	20	17	15	14	13	13	13	13	14	17	20	25	32	38	44	50	55	60	65	68	71	72	73	74	75	75	74	72	67	60	53	44	35	28	23	19	17	15	14	12	11	11	11	12	13	15	17	19	22	24	27	29	31	32	32	33	33
30	29	28	26	23	20	17	15	14	13	13	13	13	14	15	19	23	29	36	42	48	54	60	65	68	70	72	73	74	75	75	74	72	67	60	53	44	36	29	23	20	17	15	13	12	11	11	11	12	13	14	16	18	21	24	26	28	30	31	32	32	33
29	28	27	25	22	20	17	15	14	13	13	13	13	13	14	17	21	27	34	41	47	53	59	64	67	70	71	72	74	75	76	75	72	67	61	53	44	36	29	23	20	17	15	13	12	11	10	10	11	12	14	15	18	20	23	25	28	29	30	31	32	32
28	27	26	24	22	19	17	15	14	13	13	13	12	12	13	15	19	25	32	39	46	52	58	63	66	69	70	72	73	75	76	75	72	68	61	54	45	37	29	24	19	17	15	13	12	11	10	10	11	12	13	15	17	19	22	25	27	29	30	31	32	32
28	27	26	24	21	19	17	15	14	13	13	12	12	12	12	14	18	24	31	38	45	51	57	62	65	68	69	71	73	75	76	76	73	68	62	54	46	37	30	24	19	16	14	13	12	11	10	10	11	12	13	15	16	19	21	24	26	28	30	31	32	32
29	27	26	23	21	19	17	15	14	13	12	12	12	12	12	14	18	23	30	37	44	51	56	61	64	66	68	70	72	74	76	76	74	69	63	55	46	38	30	24	19	16	14	12	11	10	10	10	11	12	13	14	16	18	21	24	26	28	30	31	32	32
29	28	26	24	21	19	17	15	14	13	12	12	12	12	13	15	18	24	30	37	44	50	55	60	63	66	68	69	72	74	76	76	74	70	63	55	47	38	30	23	19	15	13	11	10	9	9	9	10	11	12	14	16	18	21	24	26	28	30	31	32	32
30	28	26	24	21	19	17	15	14	13	13	13	13	13	14	16	20	25	31	37	44	50	55	59	63	65	67	69	71	74	76	76	74	70	64	56	47	38	29	23	18	14	12	10	9	8	8	8	9	10	12	14	16	18	21	23	26	28	30	31	32	33
30	29	27	24	21	19	17	15	14	13	13	13	13	14	15	17	21	26	32	38	44	50	55	59	63	66	68	70	72	74	76	76	75	70	64	55	46	37	28	21	16	13	11	9	8	7	7	7	8	10	12	14	16	18	21	23	26	28	30	31	32	33
30	28	26	24	22	19	17	15	14	14	14	14	14	15	17	19	23	28	34	40	46	51	56	60	64	67	69	71	73	75	77	77	75	71	64	55	45	35	27	20	15	11	9	8	7	6	6	7	8	9	11	13	15	18	20	23	25	28	29	31	32	33
29	28	26	24	22	19	17	15	14	14	14	14	15	16	18	20	24	29	35	41	47	52	57	61	65	68	71	73	75	77	78	78	76	71	64	54	44	34	25	18	13	10	8	7	6	6	6	6	7	9	11	13	15	18	20	23	25	27	29	31	32	33
29	28	26	24	22	19	17	15	14	14	14	15	15	16	18	21	25	31	36	43	48	54	58	63	66	69	72	74	76	78	79	79	76	71	63	54	43	33	24	16	11	8	7	6	6	5	5	6	7	9	11	13	15	18	20	22	25	27	29	31	32	33
29	28	26	24	22	19	17	15	14	14	14	15	15	16	18	21	26	31	37	43	49	55	59	64	67	70	73	75	78	79	80	79	76	71	63	53	43	32	23	15	10	7	6	6	5	5	6	6	8	9	11	13	15	17	20	22	25	27	29	31	32	33
29	28	26	24	22	19	17	16	15	14	14	15	15	16	18	22	26	31	37	43	49	55	60	64	68	71	74	76	79	81	81	80	77	71	63	53	42	31	22	14	9	7	6	6	6	6	6	7	8	10	11	13	15	17	20	22	25	27	29	31	32	33
29	29	27	25	22	20	18	16	15	14	14	15	16	17	19	22	26	31	37	43	49	55	59	64	68	71	74	77	80	82	82	81	78	72	63	53	42	31	21	14	9	7	6	6	6	6	6	7	8	10	12	13	15	17	20	22	25	27	29	31	32	33
30	29	28	26	23	21	19	17	16	15	15	15	16	17	19	22	27	32	37	43	49	54	59	63	67	71	74	78	80	82	83	82	79	73	64	54	42	31	21	14	9	7	6	6	6	6	6	7	9	10	12	13	15	17	20	22	25	27	29	31	32	33
30	30	28	26	24	22	19	18	16	16	15	15	16	18	20	23	27	32	37	43	49	54	59	63	67	71	75	78	81	83	84	83	80	74	66	55	43	31	21	14	9	7	6	6	6	6	6	7	9	10	12	13	15	18	20	23	25	27	29	31	32	33
30	30	29	27	25	22	20	18	17	16	15	15	16	18	20	24	28	33	38	43	49	54	59	63	68	71	75	78	81	83	84	84	81	76	67	56	44	32	21	14	10	7	6	6	6	6	6	7	8	10	11	13	15	18	20	23	25	27	29	31	32	33
31	30	29	27	25	23	20	18	17	16	15	15	16	18	21	24	29	34	39	44	49	54	59	64	68	72	75	78	81	83	85	85	82	77	69	57	45	32	22	14	10	7	6	6	6	6	6	7	8	9	11	13	15	17	20	23	25	27	29	31	32	33
31	30	29	27	25	23	20	18	17	16	15	15	16	18	20	24	29	34	39	44	50	55	60	64	68	72	75	78	81	83	85	85	83	78	69	58	45	32	22	14	10	7	6	6	5	6	6	7	8	9	11	13	15	17	20	23	25	27	29	31	32	33
31	30	29	27	25	22	20	18	16	16	15	15	16	17	20	23	28	33	39	45	50	55	60	65	69	72	75	78	81	83	85	85	83	78	70	58	45	33	22	14	10	7	6	5	5	5	6	7	8	10	11	13	15	18	20	22	25	27	29	31	32	32
32	31	29	27	24	22	19	17	16	15	15	15	15	16	19	22	27	33	39	45	51	56	61	65	69	72	75	78	81	83	85	85	83	78	70	59	46	33	22	15	10	7	6	5	5	5	6	7	9	10	12	14	16	18	20	22	24	27	29	30	32	32
31	30	28	26	24	21	19	17	15	15	14	14	14	15	18	21	26	32	39	45	51	57	62	66	70	73	76	79	81	83	85	85	83	78	70	59	46	33	23	15	10	7	5	5	5	6	6	8	9	11	13	15	16	18	20	22	24	26	28	30	31	32
31	30	28	26	23	21	18	16	15	14	13	13	13	14	17	20	26	32	39	46	52	58	63	67	71	74	77	79	82	84	85	85	83	78	70	59	46	34	23	15	10	7	5	5	5	5	7	8	10	12	14	15	17	18	19	21	24	26	28	30	31	32
30	29	27	25	22	20	18	16	14	13	13	12	13	13	16	19	25	32	39	46	52	58	63	68	71	75	77	80	83	85	86	86	83	78	70	59	47	35	24	16	10	7	5	4	4	5	6	8	10	12	14	16	17	18	19	21	23	26	28	30	31	31
29	28	26	24	21	19	17	15	14	13	12	12	12	13	15	19	24	31	38	46	52	58	63	68	72	75	78	81	84	86	87	86	84	79	71	60	48	36	25	16	10	7	4	4	4	5	6	8	10	12	14	16	17	18	19	21	23	25	28	30	31	31
29	27	26	23	21	18	16	15	13	12	12	11	12	12	14	18	23	30	38	45	52	58	63	68	72	75	79	82	85	87	88	87	85	79	71	60	48	36	26	17	11	7	4	4	4	5	6	8	10	12	14	16	17	18	19	21	23	25	27	29	30	31
28	27	25	23	20	18	16	14	13	12	11	11	11	12	14	18	23	30	37	44	51	57	63	68	72	76	80	83	86	88	89	89	86	80	71	61	49	37	26	18	11	7	4	3	3	4	5	7	10	12	14	16	17	18	19	20	22	25	27	29	30	31
28	27	25	23	20	18	16	14	13	12	11	11	11	12	14	18	23	29	36	43	50	57	63	68	73	77	81	84	87	90	91	90	87	81	72	61	49	37	27	18	12	7	5	4	3	4	5	7	10	12	14	16	17	18	19	20	22	24	27	29	30	31
28	27	25	22	20	17	15	13	12	11	11	11	11	12	14	18	23	29	36	43	50	57	63	69	74	78	82	86	89	92	93	92	88	81	72	61	49	38	27	19	12	8	5	4	3	4	5	7	10	12	14	16	17	18	18	20	22	24	27	29	30	31
27	26	25	22	19	17	14	12	11	10	10	10	11	12	15	18	23	30	36	43	50	57	64	70	76	80	84	87	90	92	94	93	89	82	72	61	49	38	28	19	13	8	6	4	3	4	5	7	9	12	13	15	16	17	18	19	21	24	27	29	31	32
27	26	24	22	19	16	13	11	10	10	9	10	11	12	15	19	24	30	37	44	51	58	65	72	77	81	85	88	91	93	94	93	89	82	72	61	50	38	28	20	13	9	6	4	3	3	5	6	9	11	13	14	15	16	18	19	21	24	27	29	31	32
26	25	24	21	18	15	13	11	10	9	9	10	11	13	15	19	24	30	37	44	52	59	66	73	78	83	86	89	91	93	94	93	89	82	73	62	50	38	28	20	13	9	6	4	3	3	4	6	8	10	12	14	15	16	18	19	22	24	27	29	31	32
26	25	23	21	18	15	12	10	9	9	10	10	11	13	15	19	24	31	37	45	52	60	67	74	79	83	86	89	92	94	95	94	90	83	73	62	50	39	28	20	13	9	6	4	3	3	4	6	8	10	12	13	15	16	18	20	22	24	27	29	31	32
25	24	22	20	18	15	13	11	10	9	10	11	11	13	15	19	25	31	38	45	53	60	67	74	79	83	87	90	92	95	96	94	90	83	73	62	50	38	28	19	13	8	6	4	3	3	4	5	7	10	12	13	15	17	18	20	23	25	27	29	31	32
25	24	22	20	18	16	13	11	10	10	11	11	12	13	16	20	25	31	38	45	53	61	68	74	79	83	86	90	93	95	96	94	90	82	72	61	49	37	27	19	12	8	5	4	3	3	4	5	7	10	12	13	15	17	19	21	23	25	27	29	31	32
25	24	22	20	18	16	14	12	11	11	11	12	13	14	16	20	25	31	38	45	53	61	68	73	78	82	86	90	93	95	96	94	90	82	72	60	48	37	26	18	12	7	5	4	3	3	4	5	7	10	12	13	15	17	19	21	23	26	28	30	31	32
25	24	22	20	18	16	14	13	12	11	12	13	14	15	17	21	26	31	38	45	53	60	67	73	78	82	86	90	93	95	96	94	89	81	71	59	47	36	26	17	11	7	5	3	3	3	4	5	7	9	12	13	15	17	19	21	24	26	28	30	32	33
25	24	23	21	19	17	15	13	12	12	12	13	14	16	18	21	26	32	38	45	53	60	67	73	78	82	86	90	93	95	96	94	89	81	71	59	47	35	25	17	11	7	4	3	3	3	4	5	7	9	11	13	15	16	18	21	23	26	28	30	32	33
25	25	23	22	20	17	15	14	13	12	12	13	14	16	18	22	26	32	38	45	52	60	67	73	77	82	86	89	93	95	96	94	89	81	71	59	47	36	25	17	11	6	4	3	3	3	4	5	7	9	11	13	14	16	18	20	23	25	28	31	33	34
26	25	24	22	20	18	16	14	13	12	12	13	14	16	19	22	26	32	38	45	52	60	67	72	77	81	85	89	93	96	96	94	89	81	71	59	48	36	26	17	11	6	4	3	3	3	4	5	7	9	10	12	14	16	18	20	23	25	28	31	33	34
26	25	24	22	20	18	16	14	13	12	12	13	14	16	18	22	26	32	38	45	53	60	67	73	77	81	85	89	93	96	96	94	89	81	71	60	48	37	26	17	11	6	4	3	3	3	4	5	7	8	10	11	13	15	17	20	23	25	28	31	33	34
25	25	23	22	20	18	16	14	12	12	12	12	14	15	18	21	26	32	39	46	54	61	68	73	78	81	85	89	93	96	96	94	88	80	71	60	48	37	27	18	11	6	4	2	2	3	4	5	6	8	9	11	13	15	17	20	23	26	28	31	32	33
25	24	23	22	19	17	15	13	11	11	11	12	13	15	17	21	26	32	39	47	54	62	69	74	79	82	86	90	93	95	96	93	87	79	70	59	48	37	27	18	11	6	4	2	2	3	4	5	6	8	9	11	13	15	18	20	23	26	29	31	32	33
24	24	23	21	19	16	14	12	11	10	10	11	12	14	17	21	26	32	39	47	55	63	70	75	80	83	87	90	94	96	95	92	87	79	69	59	48	37	27	18	11	6	4	3	3	3	4	5	6	8	9	11	13	15	18	21	23	26	29	31	32	33
24	23	22	20	18	16	13	11	10	9	10	10	12	13	16	20	25	32	39	47	56	64	71	76	81	85	88	92	95	96	96	92	87	79	69	58	47	36	26	17	11	6	4	3	3	3	4	5	6	7	9	11	13	15	18	21	24	26	29	31	32	33
24	23	22	20	18	15	13	11	10	9	9	10	11	13	16	20	25	32	39	47	56	64	71	77	82	86	89	93	96	97	97	93	87	79	69	58	47	36	26	17	10	6	4	3	3	4	4	5	6	7	9	10	12	15	18	21	24	26	29	31	32	33
24	23	22	20	18	15	13	11	10	9	9	10	11	13	15	20	25	32	39	47	56	64	72	78	83	86	90	93	96	98	98	95	89	80	70	59	47	36	26	17	10	6	4	3	3	4	4	5	6	7	9	10	12	15	18	21	24	27	29	31	32	33
24	23	22	20	18	15	13	11	10	9	9	9	10	12	15	20	25	32	39	47	56	64	72	78	83	87	91	94	97	99	99	96	90	81	70	59	47	36	26	17	10	6	4	3	3	4	4	5	6	7	9	11	13	15	18	21	24	27	29	31	32	33
24	23	22	20	18	16	13	11	10	9	9	9	10	12	15	20	25	32	39	48	56	64	72	78	83	87	91	95	98	100	100	97	91	82	70	58	47	35	25	17	10	6	4	3	3	3	4	5	6	7	9	11	13	15	18	21	24	27	29	31	32	33
24	24	23	21	18	16	13	11	10	9	9	9	10	12	15	20	25	32	40	48	56	64	71	78	84	88	92	95	98	101	101	98	91	82	70	58	46	34	25	16	10	6	3	3	3	3	4	5	6	7	9	11	13	16	18	21	24	27	29	31	33	33
24	24	23	21	18	16	14	12	10	9	9	9	10	12	15	20	25	32	39	47	55	63	71	78	83	88	92	95	99	101	101	98	91	81	69	57	45	33	24	16	10	6	3	2	2	3	4	5	6	8	9	11	14	16	18	21	24	27	29	31	33	33
25	24	23	21	19	16	14	12	11	10	10	10	10	12	15	19	25	32	39	47	54	62	70	77	83	88	92	95	98	101	101	97	90	81	68	56	43	32	23	15	9	5	3	2	2	3	3	4	6	8	10	12	14	16	19	21	24	27	29	31	32	33
25	24	23	21	19	16	14	12	11	10	10	10	10	12	15	19	25	32	39	46	54	62	70	77	83	87	91	95	98	100	100	97	90	80	67	55	42	31	22	14	9	5	3	2	2	3	4	5	6	8	10	12	14	16	19	21	24	27	29	31	32	33
25	24	23	21	19	16	14	12	11	10	10	10	11	12	15	19	25	32	39	47	54	62	70	77	83	87	91	95	98	100	100	97	89	79	67	53	41	30	21	13	8	5	3	2	2	3	4	5	6	8	10	12	14	16	19	21	24	26	29	31	32	32
25	24	23	21	19	16	14	13	12	11	10	10	11	12	15	19	25	32	39	47	55	63	71	77	83	87	91	95	98	100	100	97	89	78	66	53	40	29	20	13	8	5	4	3	3	3	4	5	6	8	10	12	14	16	19	21	24	26	28	30	31	32
25	24	23	21	19	17	15	13	12	11	11	11	11	13	15	20	26	33	40	48	55	63	71	78	83	88	91	95	99	101	101	97	89	78	66	52	40	29	20	13	8	5	4	3	3	3	4	5	7	8	10	12	14	16	19	21	24	26	28	30	31	32
25	24	23	21	19	17	15	14	13	12	12	12	12	13	16	21	27	34	41	48	56	64	72	78	84	88	92	96	99	102	102	98	90	79	66	53	41	29	20	13	8	6	4	4	4	4	5	6	7	9	10	12	14	16	19	21	24	26	28	30	31	32
25	24	23	21	19	18	16	15	14	13	13	13	13	14	17	21	27	34	42	50	57	65	73	79	84	88	92	96	100	102	102	98	91	80	68	55	42	31	21	14	9	6	5	4	4	5	6	7	8	9	11	12	14	17	19	21	24	26	28	30	31	32
24	24	23	21	20	18	17	16	15	14	14	13	14	15	18	22	28	35	43	51	59	67	74	80	85	89	92	96	100	102	102	99	92	81	69	56	44	32	23	15	10	8	6	5	5	6	6	7	9	10	11	13	15	17	19	22	24	26	28	30	31	32
24	24	23	22	20	19	17	16	16	15	14	14	14	16	18	23	29	36	44	52	61	68	75	81	85	89	92	96	99	102	102	99	92	82	71	58	46	34	24	17	12	9	7	6	6	6	7	8	9	10	11	13	15	17	19	22	24	26	28	30	31	32
24	24	23	22	21	19	18	17	16	15	15	15	15	16	19	23	29	37	45	54	62	70	77	82	86	89	93	96	99	101	102	98	92	83	71	59	47	35	25	18	13	10	8	7	7	7	7	8	9	10	12	13	15	17	20	22	24	27	29	31	32	32
25	24	23	22	21	20	18	17	16	15	15	15	15	17	19	24	30	37	46	55	63	71	77	82	86	90	93	96	99	101	101	98	91	82	71	59	47	35	25	18	13	10	9	8	7	7	7	8	9	10	12	13	15	18	20	22	24	27	29	31	32	33
25	24	24	23	21	19	18	17	16	15	15	15	15	17	19	24	30	37	46	55	63	71	77	82	86	90	93	96	99	101	100	97	90	81	70	59	47	35	26	19	14	11	9	8	7	7	8	8	9	10	12	14	16	18	20	22	25	27	29	31	32	33
25	24	23	22	21	19	18	16	15	15	14	14	15	16	19	23	29	37	46	54	62	70	76	81	86	90	93	97	100	101	100	96	89	80	69	58	46	35	26	19	14	11	9	8	8	8	8	8	9	10	12	14	16	18	20	23	25	27	29	31	32	33
25	24	23	22	20	19	17	16	15	14	14	14	14	15	18	22	29	36	45	53	61	69	75	81	85	90	94	97	100	101	100	95	88	79	68	57	45	35	26	19	15	12	10	9	8	8	8	9	9	10	12	14	16	18	21	23	25	28	29	31	33	33
24	24	23	21	20	18	17	15	14	13	13	13	13	14	17	21	28	35	44	52	60	68	75	81	86	90	94	98	101	102	100	95	87	78	67	56	45	35	26	20	15	12	11	9	9	9	9	9	10	11	12	14	16	19	21	24	26	28	30	31	33	34
24	23	22	21	19	18	16	15	14	13	12	12	13	14	16	21	27	35	43	51	59	67	75	81	86	91	94	98	101	102	100	95	87	77	66	56	45	35	27	20	16	13	11	10	9	9	9	9	10	11	12	14	16	19	22	24	26	28	30	31	33	33
23	23	22	20	18	17	16	14	13	12	12	12	12	13	16	20	26	34	42	51	59	67	75	82	87	91	95	98	101	102	100	94	86	77	66	55	45	35	27	21	16	13	11	10	9	9	9	9	10	11	12	14	17	19	22	24	26	28	30	31	32	33
23	22	21	19	17	16	15	14	13	12	12	12	12	13	16	20	27	34	43	51	59	68	76	83	88	92	95	98	101	102	100	94	86	77	66	55	45	35	27	21	17	13	11	10	9	9	9	9	10	11	12	14	17	20	22	25	27	28	30	31	32	33
22	21	20	18	17	15	14	13	13	12	12	12	13	14	16	21	27	35	43	51	60	68	76	83	89	93	96	99	101	102	100	95	87	77	66	55	45	35	28	21	17	14	12	10	9	9	9	9	10	11	13	15	17	20	23	25	27	29	30	32	33	33
21	20	19	18	16	15	14	13	12	12	12	13	13	14	17	21	28	36	44	52	61	69	77	84	89	94	97	100	102	103	101	96	87	77	66	55	45	35	27	21	17	14	12	11	10	9	9	9	10	11	13	15	18	20	23	25	28	29	31	32	33	34
20	19	18	17	16	14	13	13	12	12	12	13	14	15	18	22	29	36	45	53	62	70	77	85	90	95	99	102	104	105	103	97	89	78	67	56	45	35	27	21	17	14	12	11	10	10	9	9	10	11	13	15	18	20	23	26	28	30	31	33	34	34
19	18	18	16	15	14	13	12	12	12	12	13	14	16	18	23	29	37	46	54	62	70	78	85	92	97	101	104	106	107	105	99	90	80	68	56	45	35	27	22	17	14	12	11	10	10	9	9	10	11	13	15	18	20	23	26	28	30	32	33	34	34
18	18	17	16	14	13	12	12	12	12	12	13	14	16	19	23	30	38	46	55	63	71	79	86	93	98	103	106	108	109	106	101	92	81	69	57	46	36	28	22	18	15	13	11	10	10	9	9	10	11	13	15	17	20	23	26	28	30	32	33	34	35
18	17	16	15	14	13	12	12	11	12	12	13	14	15	19	24	30	38	47	55	63	71	79	87	94	100	104	108	110	110	108	102	93	82	70	57	46	36	28	22	18	15	13	11	11	10	9	9	10	11	13	15	18	20	23	26	28	30	32	33	34	35
17	17	16	15	14	13	12	12	12	12	12	12	13	15	19	24	31	39	47	56	64	72	80	88	95	101	106	109	111	111	108	103	94	83	70	57	46	36	28	22	18	15	13	12	11	10	9	9	10	12	13	16	18	21	24	27	29	31	33	34	35	35
17	17	16	15	14	13	12	12	12	12	12	13	14	16	19	25	32	40	48	56	65	73	81	89	96	103	107	111	112	112	109	103	94	83	70	58	46	36	28	22	18	16	14	12	11	10	9	9	10	12	14	16	19	22	25	28	30	32	33	34	35	36
18	17	17	15	14	14	13	13	13	13	13	13	14	17	20	26	33	41	49	57	66	74	82	90	98	104	109	112	113	113	109	103	94	83	71	58	46	36	28	22	19	16	14	12	11	10	10	10	11	12	14	17	20	23	26	29	31	33	34	35	36	36
19	18	17	16	15	14	14	14	14	14	14	15	16	18	22	27	34	42	50	58	67	75	84	92	99	105	110	113	114	114	110	104	95	85	72	60	48	37	29	23	19	16	14	13	11	10	10	10	11	13	15	17	20	23	26	29	31	33	35	35	36	36
20	19	18	17	16	15	15	15	15	15	16	16	17	19	23	29	36	44	51	59	68	77	85	93	100	107	112	115	116	115	111	106	97	86	74	62	49	39	30	24	19	17	15	13	12	11	11	11	12	13	15	17	20	23	26	29	32	34	35	36	36	37
20	20	19	18	17	16	16	16	17	17	17	18	19	21	25	31	38	45	53	61	69	78	86	94	102	108	113	116	117	116	113	107	99	88	76	63	51	40	32	25	20	17	15	13	13	12	11	11	12	13	15	17	20	23	26	29	32	34	35	36	37	37
21	20	19	19	18	18	18	18	19	19	20	20	21	23	27	32	39	46	54	62	70	79	88	96	103	108	113	116	118	117	114	109	100	90	77	65	52	42	33	26	21	18	16	14	13	13	12	12	13	14	15	17	20	23	27	30	32	34	35	36	37	37
21	20	20	19	19	19	19	20	20	21	22	22	23	25	29	34	41	48	55	63	72	80	89	96	103	109	113	117	118	118	116	110	102	91	78	65	53	43	34	27	22	18	16	15	14	13	13	13	14	14	16	18	21	24	27	30	32	34	35	36	37	38
21	21	20	20	20	20	21	21	22	23	24	25	26	28	31	36	42	49	57	65	73	82	90	97	103	109	113	117	119	119	117	112	103	92	79	66	54	43	35	28	23	19	17	15	14	14	14	14	14	15	16	18	21	25	28	31	33	35	36	37	38	38
21	21	21	21	21	21	22	23	24	25	26	27	28	30	34	39	44	51	58	66	74	82	90	97	103	109	113	117	120	120	118	113	104	93	80	67	55	44	36	29	24	20	18	16	15	14	14	14	15	16	17	19	22	25	28	31	33	35	36	37	38	38
22	22	22	22	22	22	23	24	26	27	28	30	31	33	37	41	46	52	59	67	75	83	91	98	104	109	114	118	121	122	120	114	105	94	80	67	56	45	37	30	25	21	19	17	16	15	15	15	15	17	18	20	23	26	29	31	33	34	36	37	38	39
22	23	23	23	23	23	24	26	27	29	31	32	34	36	39	43	48	53	60	67	75	84	92	99	105	111	116	120	123	124	122	116	106	95	81	68	57	47	38	31	26	22	19	17	16	15	15	15	16	17	19	21	24	26	29	31	33	34	35	37	38	39
23	23	23	24	24	24	25	27	29	31	32	34	36	38	41	44	49	54	60	68	76	84	93	100	106	112	117	122	125	126	123	117	107	95	82	69	57	47	39	33	27	23	20	18	16	15	15	15	16	18	19	22	24	27	29	31	32	34	35	36	38	38
24	24	24	24	25	25	26	28	30	32	34	35	37	39	42	45	50	55	61	68	77	85	93	101	107	113	118	124	127	127	124	118	108	96	83	70	58	48	40	33	28	24	21	18	16	15	14	15	16	18	20	22	25	27	29	31	32	33	35	36	37	38
25	25	25	25	25	26	27	29	31	33	34	36	38	40	43	46	50	55	62	69	77	86	94	102	108	114	120	125	129	129	126	119	108	96	83	70	59	49	41	34	29	24	21	18	16	14	14	15	16	18	20	22	25	28	30	31	32	33	34	35	37	37
25	25	25	25	26	27	28	30	32	33	35	36	38	40	43	46	51	56	63	70	78	87	95	102	108	115	121	126	130	130	126	119	108	96	83	70	59	49	41	34	28	24	20	17	15	14	13	14	16	18	20	22	25	28	30	31	32	33	34	35	36	37
25	25	25	25	26	27	29	30	32	34	35	37	38	41	43	47	52	57	64	71	79	88	96	103	109	116	122	127	130	130	126	118	108	96	83	71	59	49	41	34	28	23	19	16	14	13	13	14	15	17	20	23	25	28	30	31	33	34	35	36	36	37
26	26	26	26	26	28	29	31	32	34	35	37	39	41	44	48	52	58	65	72	80	89	97	104	111	117	123	128	130	129	125	117	107	96	84	71	60	49	41	33	27	22	18	15	13	12	12	13	15	17	20	23	26	28	30	32	33	34	35	36	37	37
26	26	26	26	27	28	29	31	32	34	35	37	39	41	44	48	53	59	65	73	81	89	98	105	112	118	123	127	129	128	123	116	106	96	84	72	60	50	40	32	26	21	17	14	13	12	12	13	15	17	20	23	26	28	30	32	34	35	36	37	38	38
26	26	26	26	27	28	29	31	32	33	35	37	39	41	44	48	53	59	66	74	82	90	98	105	112	118	123	127	128	127	122	115	106	96	85	73	61	50	40	32	25	20	16	14	13	12	13	14	15	18	20	23	25	28	30	32	34	35	37	38	38	39
26	26	26	27	27	28	29	30	32	33	35	37	39	41	44	48	53	59	66	74	81	89	97	104	111	117	122	126	128	126	122	115	106	97	85	73	61	50	40	32	25	19	16	13	12	12	13	14	16	18	20	23	25	27	29	32	34	35	37	38	39	39
26	26	27	27	27	28	29	30	31	33	34	36	38	41	44	48	53	59	66	73	81	88	96	103	110	117	122	126	128	127	123	116	108	98	86	74	62	50	40	32	25	19	16	13	12	12	13	14	16	18	20	22	25	27	29	31	34	35	37	38	39	39
27	27	27	27	27	28	29	30	31	32	33	35	37	40	43	47	53	59	66	73	80	88	95	102	109	116	123	127	129	129	125	118	109	98	86	74	62	50	40	32	25	19	16	13	12	12	13	14	16	18	20	22	24	27	29	31	34	36	37	38	39	40
27	27	27	27	27	28	29	30	31	31	33	34	36	39	42	47	52	58	65	72	80	87	95	102	109	116	123	128	131	130	126	119	110	99	87	74	62	50	41	32	25	20	16	13	12	12	13	14	16	17	20	22	24	26	29	32	34	36	37	39	40	40
27	27	27	27	27	28	29	30	30	31	32	33	34	37	41	45	51	57	64	72	79	87	94	102	109	116	123	128	131	131	127	120	110	99	87	74	62	50	40	32	25	20	16	13	12	12	13	14	15	17	19	22	24	26	29	32	34	36	38	39	40	40
26	26	26	26	27	27	28	29	30	30	30	31	33	35	39	44	50	56	63	71	79	86	94	101	109	116	122	127	131	131	128	121	111	100	87	74	62	50	40	31	25	19	15	13	12	12	13	14	15	17	19	22	24	26	29	32	34	36	38	39	40	41
26	25	25	25	26	26	27	28	29	29	29	29	31	33	37	42	49	55	63	70	78	86	94	101	109	115	121	126	130	131	128	121	112	100	88	74	61	50	39	31	24	19	15	13	12	12	13	14	16	17	19	22	24	26	29	32	34	36	38	39	40	41
25	25	24	24	25	25	26	27	27	27	27	27	29	31	36	41	48	55	63	70	78	86	94	102	109	115	121	126	129	130	128	122	112	101	88	74	61	49	39	30	23	18	15	12	12	12	13	14	16	18	20	22	24	27	29	32	34	36	38	39	40	41
24	24	23	23	23	24	25	25	26	26	26	26	27	30	35	41	48	55	63	71	79	87	94	102	109	115	121	125	129	130	128	121	112	100	87	74	61	49	38	29	22	17	14	12	12	12	13	14	16	18	20	22	24	27	30	32	35	37	38	40	41	41
23	23	22	22	22	23	23	24	24	24	25	25	27	30	35	41	48	56	64	72	80	87	95	102	109	115	120	125	128	129	127	121	111	99	86	73	60	48	37	29	22	17	14	12	11	12	13	14	16	18	20	23	25	27	30	33	35	37	39	40	41	41
23	22	22	21	21	22	22	23	23	24	24	25	27	31	35	41	49	57	65	73	81	88	95	102	109	115	120	125	128	129	126	120	110	98	85	72	60	48	37	28	22	17	13	12	11	12	13	14	16	18	21	23	25	28	31	33	36	37	39	40	41	42
22	22	21	21	21	21	22	23	23	24	25	27	29	32	37	42	49	57	65	74	81	89	96	102	109	114	120	124	127	128	125	119	109	97	85	72	59	47	37	28	22	16	13	11	11	11	12	13	15	18	20	23	26	28	31	34	36	38	39	40	41	42
22	22	22	21	21	22	22	23	24	25	26	28	30	34	38	43	50	58	66	74	82	89	96	102	108	114	120	124	127	128	125	119	109	97	84	71	59	47	37	28	22	16	13	11	10	10	11	13	15	17	20	23	26	29	31	34	36	38	39	40	41	42
23	22	22	22	22	22	23	23	25	26	27	29	32	35	39	44	50	58	66	74	82	90	96	103	109	114	120	125	128	129	126	120	110	97	84	71	59	47	37	29	22	16	13	11	10	10	10	12	14	17	20	23	26	29	31	34	36	38	39	41	41	42
23	23	23	23	23	23	23	24	25	27	28	30	32	35	39	44	50	57	65	74	82	90	97	103	109	115	121	126	129	130	128	121	111	98	85	71	59	47	37	29	22	17	13	10	9	9	10	12	14	17	20	23	26	29	32	34	36	38	40	41	42	42
24	24	24	24	24	24	24	25	26	27	29	31	33	35	39	43	49	56	64	73	82	90	97	104	110	116	122	127	131	133	130	123	113	100	86	72	59	48	38	30	23	17	13	10	9	9	10	12	14	17	20	23	26	29	32	34	36	38	40	41	42	43
25	25	25	25	25	25	25	25	26	28	29	31	33	35	38	42	48	55	63	72	81	90	98	105	111	118	124	130	134	135	133	126	115	101	87	72	60	48	38	30	23	17	13	10	8	9	10	12	14	17	20	23	26	29	32	34	36	39	40	42	43	43
26	26	26	25	25	25	25	26	27	28	29	31	32	34	37	42	48	55	63	71	80	89	97	105	112	119	126	131	136	137	135	128	117	103	88	73	60	48	39	30	23	18	13	10	8	9	10	12	15	17	20	23	26	29	31	34	37	39	41	42	43	43
26	26	26	26	26	26	26	26	27	28	29	31	32	34	37	42	48	55	62	70	79	88	97	106	114	121	127	132	136	137	135	129	118	104	89	74	60	48	39	30	23	18	13	10	9	9	10	12	15	18	20	23	26	28	31	34	36	39	41	42	43	44
26	26	26	26	26	26	26	27	27	28	29	31	32	34	38	42	48	55	63	70	79	88	97	106	115	122	127	131	134	135	133	127	118	104	89	74	60	49	39	30	23	18	13	10	9	9	10	12	15	18	20	23	26	28	31	34	36	39	41	42	43	44
26	26	26	26	26	26	26	27	28	29	29	31	32	34	38	43	49	56	64	71	79	88	97	107	115	121	126	130	131	132	130	125	116	104	89	74	60	48	38	30	23	17	13	10	9	9	11	13	15	18	21	23	26	28	31	34	36	38	40	42	43	44
26	26	26	26	26	26	27	27	28	28	29	30	32	34	38	44	50	58	65	73	81	89	98	106	114	120	124	127	129	129	127	123	114	102	87	72	59	47	37	29	22	17	13	10	9	9	11	13	16	19	21	24	26	28	31	34	36	38	40	42	43	44
25	26	26	26	26	26	26	27	27	28	29	30	31	34	38	44	51	58	66	74	81	90	98	105	113	118	122	124	126	127	125	120	111	99	85	70	57	45	36	28	21	15	12	9	9	9	11	14	17	19	22	24	26	28	31	34	36	38	40	42	43	44
25	25	25	25	25	25	25	26	26	27	28	29	31	33	38	43	50	58	66	74	82	89	97	104	111	116	120	122	124	125	123	118	109	96	81	67	54	43	34	26	19	14	10	9	8	9	11	14	17	20	22	24	26	28	31	34	36	38	40	42	43	43
24	24	24	24	24	24	24	24	25	26	27	28	30	33	37	42	49	57	65	73	80	88	95	102	108	114	118	121	124	124	123	117	106	93	78	65	52	42	33	25	18	13	10	8	8	9	11	14	17	20	22	24	26	29	31	34	36	38	40	42	43	43
24	23	23	22	22	22	22	23	24	25	26	28	30	32	36	41	48	55	63	70	78	85	92	100	106	111	116	120	124	125	123	117	106	92	77	63	51	41	32	25	18	13	9	8	7	9	11	14	17	20	22	25	27	29	31	34	36	38	40	41	42	43
23	23	22	21	21	20	21	21	22	24	25	27	29	31	35	40	46	53	60	68	75	83	90	97	103	109	115	120	124	127	125	118	107	92	77	63	51	41	32	25	19	14	10	8	7	9	11	14	17	20	23	25	27	29	32	34	36	38	40	41	42	42
23	22	21	20	20	19	20	20	22	23	24	26	28	31	34	39	44	51	58	65	73	80	88	95	101	107	114	120	126	129	128	121	109	94	79	64	52	42	33	26	20	14	11	8	8	9	11	14	18	21	23	25	27	30	32	34	36	38	39	40	41	41
23	22	21	20	19	19	19	20	21	22	24	25	27	30	33	38	43	50	57	64	72	79	86	93	100	106	113	120	127	131	130	123	112	97	81	66	53	43	34	27	21	15	12	9	9	9	12	15	18	21	24	26	28	30	32	34	35	37	39	40	40	41
23	22	21	20	19	19	19	20	21	22	24	25	27	29	33	37	43	49	56	63	71	79	86	92	99	106	113	120	127	131	131	125	113	99	83	68	54	44	35	28	22	16	12	10	9	10	12	15	18	21	24	26	28	30	32	33	35	37	38	39	40	40
23	22	21	20	19	19	19	20	21	22	24	25	27	29	33	37	43	49	56	63	71	79	86	93	99	106	113	120	126	130	130	124	114	100	84	69	55	44	35	28	22	17	13	11	10	10	12	15	19	22	25	27	29	31	32	33	35	37	38	39	40	40
23	22	21	20	19	19	19	20	22	23	24	25	27	30	33	38	43	49	56	63	71	79	86	93	100	106	112	119	125	129	128	124	114	101	85	69	55	44	35	28	22	17	13	11	10	11	13	15	19	22	25	28	29	31	32	33	35	37	38	39	40	40
23	22	21	20	19	19	19	20	22	23	24	26	28	31	34	39	44	49	56	63	71	79	87	94	100	106	112	119	124	127	127	123	114	101	85	69	55	44	35	27	21	17	13	11	10	11	13	16	19	23	26	28	29	31	32	33	35	37	38	39	40	40
22	22	21	20	20	19	19	20	21	23	25	27	29	31	35	39	44	49	56	63	71	79	86	94	100	106	113	118	123	127	127	124	115	102	85	69	54	43	34	27	21	16	13	11	10	11	13	16	19	23	26	28	29	30	32	33	35	37	38	40	40	41
22	22	21	21	20	19	19	20	21	23	25	27	29	32	35	39	44	49	55	62	70	78	86	93	100	107	113	119	123	127	128	125	116	102	85	68	54	43	34	27	21	16	13	11	10	11	13	16	20	23	25	27	29	30	31	33	35	37	39	40	41	41
22	21	21	21	20	20	20	20	21	23	25	27	30	32	35	39	43	48	54	61	69	76	84	92	100	107	113	119	124	128	129	126	116	102	84	68	54	43	34	27	21	16	13	11	10	11	13	16	20	23	25	27	28	30	31	33	35	37	39	40	41	41
21	21	21	21	20	20	20	20	21	23	25	27	29	32	35	38	42	47	53	60	67	75	83	91	99	106	113	119	125	129	130	126	116	101	83	67	53	43	35	27	21	16	13	10	10	11	13	16	20	23	25	27	28	30	31	33	36	38	40	41	42	42
21	21	21	21	20	19	19	20	21	23	25	27	29	32	34	38	41	46	52	59	66	74	81	89	97	105	112	119	125	129	130	126	115	100	82	66	53	43	35	27	21	16	13	10	10	10	13	16	20	23	25	27	29	30	32	34	36	38	40	41	42	43
21	21	21	20	20	19	19	20	21	23	24	26	28	31	34	37	41	45	51	58	65	72	80	88	96	104	112	119	125	129	130	125	114	99	81	65	53	43	35	27	21	16	12	10	9	10	13	16	20	23	26	28	29	31	33	34	36	38	40	41	43	43
21	21	20	20	19	19	19	20	21	22	23	25	27	30	33	36	40	44	50	56	63	70	78	86	95	103	111	119	125	129	129	124	113	98	81	65	53	43	35	27	21	16	12	10	9	10	13	16	19	23	26	28	30	31	33	35	37	38	40	42	43	44
21	20	20	19	18	18	18	19	20	21	22	24	26	29	33	36	40	44	48	54	61	68	76	85	93	102	111	119	125	129	129	124	113	99	82	66	53	43	34	27	21	16	12	9	9	10	13	16	19	23	26	28	30	32	34	35	37	39	41	42	43	44
20	20	19	18	17	17	17	18	19	20	22	23	25	28	32	35	39	43	47	52	58	66	74	83	92	102	111	119	125	129	129	124	114	99	83	67	54	43	35	27	21	15	12	10	9	10	13	16	20	23	26	28	30	32	34	36	37	39	41	43	44	44
20	19	18	17	16	16	16	17	18	19	21	22	24	27	31	35	38	41	45	50	56	64	73	82	92	101	111	119	125	129	129	124	115	101	84	68	55	44	35	27	21	15	12	10	9	11	13	17	20	23	26	28	30	32	34	36	38	39	41	43	44	44
19	18	17	16	15	14	15	16	17	18	20	21	23	26	30	33	36	40	43	48	55	63	72	81	91	101	110	119	125	129	130	125	116	101	85	69	55	44	35	27	20	15	12	10	9	11	14	17	21	24	27	29	31	33	35	36	38	40	41	43	44	44
18	17	16	15	14	13	14	15	16	17	19	21	23	25	28	31	34	38	42	47	54	62	72	82	92	101	111	119	126	130	131	126	117	102	86	69	55	43	34	27	20	15	11	10	10	11	14	18	22	25	28	30	32	34	35	37	38	40	42	43	44	44
17	17	16	15	14	13	13	14	15	17	18	20	22	24	26	29	32	36	40	46	53	63	73	83	93	103	112	121	128	132	132	127	118	103	86	69	55	43	33	26	19	14	11	9	10	12	15	19	23	26	29	31	33	35	36	37	39	40	42	43	44	44
17	16	16	15	14	14	14	15	16	17	19	20	21	23	25	28	31	34	39	45	54	64	75	86	96	106	115	123	130	135	135	130	120	105	87	70	55	43	33	25	18	14	11	9	10	12	16	20	24	27	30	32	34	36	37	38	39	40	42	43	44	45
16	16	16	15	15	14	15	16	17	18	19	20	21	23	25	27	30	34	39	45	54	65	77	89	100	110	119	127	133	138	138	133	122	107	89	71	56	43	32	24	18	13	10	9	10	12	16	20	25	29	32	34	35	36	38	38	39	41	42	43	44	45
16	16	15	15	15	15	16	17	18	19	20	21	22	23	25	28	31	34	39	46	56	67	80	92	104	114	122	130	136	141	141	135	124	109	91	73	57	43	32	24	17	13	10	9	10	12	16	21	25	29	32	34	36	37	38	39	40	41	42	44	45	45
16	16	15	15	15	16	17	18	19	20	21	21	22	24	26	29	32	36	41	49	58	70	83	96	108	117	126	133	139	143	143	138	127	111	93	74	57	43	32	24	17	13	10	9	10	12	16	21	26	30	33	35	36	37	38	39	40	41	43	44	45	46
17	16	16	15	15	16	17	18	20	21	21	22	23	25	28	30	34	38	43	51	61	73	86	99	111	120	128	134	140	144	145	139	128	112	94	75	58	44	33	24	18	13	10	9	9	12	16	21	26	30	33	35	37	38	39	40	41	42	43	45	46	46
17	17	16	16	16	16	17	19	20	21	22	23	24	26	29	32	35	40	45	53	63	76	89	101	112	121	128	135	140	145	145	140	129	113	94	75	58	44	33	24	18	13	10	9	9	12	16	21	26	30	33	36	37	39	40	41	42	43	44	46	47	47
18	18	17	16	16	17	18	19	20	21	22	23	24	27	29	33	36	41	47	55	65	77	89	102	112	121	127	134	140	144	145	140	129	113	94	76	59	45	34	25	18	13	10	9	9	12	16	21	26	30	34	36	38	39	41	42	43	44	45	47	48	48
19	19	18	17	17	17	18	19	21	22	23	24	25	27	29	33	37	41	47	55	66	77	89	101	111	119	126	133	139	144	145	140	129	113	94	76	58	45	34	25	19	14	11	9	9	12	16	20	25	30	34	36	38	40	41	43	44	45	46	47	48	49
20	19	19	19	18	18	19	20	21	22	23	24	25	27	29	33	37	41	48	55	65	76	88	99	109	117	124	131	137	142	144	140	129	113	94	75	58	44	33	25	19	14	11	9	10	12	15	20	25	30	34	37	39	41	42	44	45	46	47	48	49	49
20	20	20	20	19	19	20	20	21	22	23	24	25	27	29	32	36	41	47	55	65	75	86	97	107	115	123	130	136	140	142	139	129	113	94	75	58	44	33	25	19	14	11	9	10	12	15	20	25	30	34	38	40	42	44	45	46	47	48	49	49	50
21	21	21	20	20	20	20	20	21	21	22	23	25	27	29	33	37	41	47	54	63	74	85	95	105	114	122	128	134	138	140	137	128	113	94	75	57	43	32	24	18	13	11	9	10	12	15	20	25	30	35	39	41	44	45	46	47	48	49	49	50	50
21	21	21	21	20	20	19	19	20	20	21	22	24	27	30	33	37	42	47	54	62	72	83	94	104	113	121	127	133	136	138	135	126	111	93	74	57	42	31	23	17	13	10	9	10	12	15	20	26	31	36	40	43	45	47	47	48	49	49	50	50	51
21	21	20	20	20	19	19	18	18	19	20	22	24	27	30	34	38	42	47	53	61	71	82	93	104	113	120	127	132	135	136	133	124	110	92	74	56	42	30	22	16	12	10	9	10	12	16	21	26	32	37	41	44	46	48	49	49	50	50	50	51	51
21	20	20	19	19	19	18	17	17	18	19	22	24	28	31	35	39	43	47	53	60	70	81	93	103	112	120	126	131	135	135	132	123	109	91	73	56	42	30	22	16	12	10	9	10	12	16	21	27	33	38	42	45	48	49	50	50	50	51	51	51	52
20	20	19	19	19	18	17	17	17	17	19	22	25	28	32	36	40	43	47	53	60	69	80	92	102	111	119	126	132	135	136	132	123	108	91	74	57	43	31	23	17	13	10	10	10	13	17	22	28	34	39	43	46	48	50	50	51	51	51	51	52	52
20	19	19	19	18	18	17	16	16	17	19	22	25	29	33	37	40	43	47	52	59	69	79	90	101	110	118	126	132	137	137	133	123	108	91	74	58	44	33	24	18	14	11	10	11	13	18	23	30	36	40	44	47	49	50	51	51	51	51	51	52	52
20	20	19	19	19	18	17	17	16	17	19	22	26	29	33	36	40	43	47	52	59	68	78	89	99	109	117	126	133	139	139	134	124	109	92	75	59	46	35	26	20	15	12	11	11	14	19	25	31	37	41	45	47	49	50	51	51	52	52	52	52	51
21	20	20	19	19	19	18	17	17	18	20	22	26	29	33	36	39	42	46	51	58	67	77	88	98	108	117	126	135	141	142	136	125	110	93	76	61	48	37	28	21	16	13	11	12	15	20	26	32	37	42	45	48	49	50	51	52	52	52	52	52	52
22	21	20	20	20	19	19	18	18	19	20	23	26	29	32	35	38	41	45	50	57	66	76	86	97	107	117	126	136	142	143	138	127	111	93	77	62	49	38	29	22	17	14	12	13	17	22	27	33	38	42	46	48	49	50	51	52	52	53	53	52	52
23	22	21	20	20	20	19	19	19	20	21	23	25	28	31	33	36	39	43	49	56	65	75	86	96	106	116	126	136	142	144	139	128	112	94	77	62	49	39	30	23	17	14	13	15	18	23	29	34	39	43	46	48	49	50	51	52	53	53	53	53	53
24	23	22	21	20	20	20	20	20	20	21	23	25	28	30	32	35	38	42	48	55	65	75	85	96	106	116	126	136	143	145	140	129	113	95	77	62	49	38	29	22	18	15	15	17	21	26	31	35	40	43	46	48	49	50	51	52	53	53	53	53	53
25	24	23	21	21	20	20	20	20	21	22	23	25	27	29	31	34	37	41	47	55	64	74	85	95	105	115	125	135	143	145	141	130	114	95	78	62	48	37	29	22	17	16	16	19	23	28	33	37	41	44	46	48	50	51	51	52	52	53	53	52	52
26	25	23	22	21	20	20	20	21	21	22	24	25	27	29	31	33	36	40	46	54	63	74	85	95	105	115	126	135	143	146	142	131	115	96	78	62	48	37	28	21	17	16	18	21	25	30	34	38	42	45	47	49	50	51	51	52	52	52	52	52	52
27	25	24	22	21	20	20	20	21	21	23	24	26	27	29	31	33	36	40	46	53	63	73	84	95	105	115	126	136	143	146	142	131	115	97	78	62	48	36	27	21	17	16	18	22	27	31	36	40	43	46	48	49	50	51	51	51	52	51	52	52	52
26	25	24	23	21	21	20	20	20	21	22	24	26	27	29	31	33	35	40	45	53	62	73	83	94	105	115	126	136	143	146	142	132	116	97	79	62	48	36	27	20	17	16	18	22	27	32	37	41	44	46	48	49	50	51	51	51	51	51	51	52	52
26	25	24	23	22	21	20	20	20	21	22	24	25	27	29	30	32	35	40	45	53	62	72	83	94	104	114	125	135	143	146	142	132	117	98	79	63	48	36	27	20	16	16	18	22	28	33	38	41	44	47	48	50	50	51	51	51	51	51	52	52	52
25	25	24	23	22	21	21	20	20	21	22	23	25	27	28	30	32	35	39	45	53	62	72	83	93	103	114	124	134	142	146	143	133	118	99	80	63	48	36	27	20	16	16	18	22	28	33	38	42	45	47	49	50	51	51	51	52	52	52	52	53	53
25	24	24	23	22	22	21	20	20	21	21	23	24	26	28	29	32	35	39	45	53	62	73	83	94	104	114	124	134	142	146	144	135	119	100	80	62	48	36	27	20	17	16	19	23	28	33	38	42	45	47	49	50	51	51	52	52	52	53	53	53	54
24	24	24	23	22	22	21	20	20	20	21	22	24	26	27	29	31	35	39	46	54	63	73	84	95	105	116	126	136	144	148	146	137	121	101	80	62	47	36	27	20	17	17	19	23	28	33	38	42	45	47	49	50	51	52	52	53	53	53	54	54	54
24	24	24	23	22	21	20	20	19	19	20	22	23	25	27	29	31	35	40	46	55	64	75	86	97	108	118	128	137	145	150	148	139	123	102	81	62	47	36	27	20	17	17	19	23	28	33	37	41	44	47	49	50	51	52	53	53	54	54	54	55	55
25	25	24	23	22	21	20	19	19	19	19	21	22	24	27	29	32	35	40	47	56	66	77	88	99	110	119	129	138	146	150	149	140	124	104	83	64	48	36	27	21	17	17	19	23	28	33	37	41	44	47	49	50	51	52	52	53	54	55	55	55	56
27	26	25	24	23	21	20	19	18	18	18	19	21	23	26	28	31	35	41	48	57	67	78	89	100	110	120	130	138	145	150	148	140	124	105	84	66	50	37	28	21	17	17	19	23	28	33	37	41	44	47	49	50	51	52	52	53	54	55	56	56	57
29	28	27	25	23	22	20	18	17	17	17	18	19	21	24	27	30	35	40	47	56	66	77	89	100	110	120	129	138	145	148	147	139	124	106	86	67	52	39	29	22	18	17	19	23	28	33	37	41	44	47	48	50	51	52	52	54	55	56	57	57	57
31	30	28	26	24	22	20	18	16	16	16	16	17	19	22	25	29	33	38	45	54	64	76	87	98	109	119	129	138	144	148	146	138	124	106	87	69	53	40	31	23	19	18	20	23	28	32	37	41	44	47	48	50	51	52	53	54	55	56	57	58	58
33	32	30	28	25	22	20	17	16	15	14	15	16	18	20	23	27	31	36	43	52	62	73	85	97	109	119	129	138	145	149	147	139	126	108	88	70	55	42	32	25	20	19	20	23	27	32	36	40	44	46	48	49	51	52	53	54	56	57	58	59	59
35	34	32	29	26	22	19	17	15	14	13	14	15	17	19	22	25	29	34	41	50	60	72	84	97	109	120	130	140	147	151	149	142	129	111	91	73	58	44	34	26	21	19	20	23	27	31	36	40	43	45	47	49	50	52	53	55	56	57	59	59	60
37	35	33	30	26	23	20	17	15	14	13	14	15	16	18	21	23	27	32	39	48	59	72	84	97	109	120	131	141	149	153	152	145	132	114	95	76	60	46	36	28	22	20	20	23	27	31	35	39	42	44	46	48	49	51	53	54	56	58	59	60	60
38	36	34	31	27	23	20	18	15	14	14	14	15	16	18	20	22	26	31	38	48	59	72	85	97	110	121	132	142	150	154	153	147	134	117	97	78	61	47	36	28	22	20	21	23	26	30	34	37	40	42	44	46	48	50	52	54	55	57	59	60	60
38	37	35	31	28	24	21	18	16	15	14	14	15	16	17	19	21	25	30	37	47	59	72	85	98	110	122	133	142	150	154	154	147	135	117	97	77	60	46	35	27	22	20	21	23	26	29	33	36	39	41	43	44	46	48	50	52	55	57	58	59	60
39	38	35	32	28	25	22	19	17	15	14	14	15	16	17	18	20	24	29	36	46	58	71	85	98	110	122	133	142	150	154	153	147	133	115	94	74	57	43	33	25	20	19	20	22	25	29	32	36	38	40	42	43	45	46	49	51	53	56	58	59	59
40	39	36	33	29	25	22	19	17	16	14	14	14	15	16	17	20	23	28	35	44	56	70	84	97	110	122	133	142	149	154	153	145	131	112	90	70	53	40	30	23	19	18	20	22	25	29	33	36	39	40	41	42	43	45	47	50	52	55	57	58	59
41	40	37	34	30	26	23	20	17	15	14	13	13	14	15	17	19	23	28	34	43	55	68	83	96	109	121	132	141	149	153	152	144	129	109	87	67	50	37	28	22	18	18	19	22	25	30	34	37	39	40	41	41	42	44	46	48	51	54	56	58	58
42	41	38	35	31	27	23	20	17	15	14	13	13	14	15	17	20	23	28	34	42	54	67	82	95	108	119	130	140	148	152	151	143	127	107	85	65	49	37	28	22	18	17	19	22	26	31	35	38	40	40	40	40	41	43	45	47	50	53	56	57	58
43	41	39	35	31	27	23	20	17	15	13	12	12	13	15	17	20	24	28	34	42	53	66	80	94	106	118	129	140	148	152	151	142	127	106	85	66	50	39	30	23	19	18	19	22	27	32	36	39	39	39	39	39	41	42	44	46	49	52	55	57	58
43	42	39	35	31	27	23	20	17	14	13	12	12	13	15	18	21	24	28	34	42	52	65	79	93	106	118	129	139	148	152	150	141	126	106	85	67	52	41	32	25	20	18	19	23	28	33	37	38	38	38	38	39	40	42	44	46	49	52	54	56	57
43	41	38	35	31	27	23	19	16	14	13	12	12	14	16	18	21	24	28	34	41	52	65	79	93	105	117	129	139	148	152	150	140	125	106	86	68	54	43	34	27	22	20	22	26	30	34	36	37	37	36	36	38	40	42	44	46	49	51	54	55	56
43	41	38	34	30	26	22	19	16	13	12	12	12	13	16	18	21	24	28	33	41	52	65	79	93	106	118	129	139	147	150	148	139	124	106	87	70	56	45	36	30	26	25	27	31	34	35	36	35	34	34	35	37	40	42	44	46	48	51	53	54	55
43	41	38	34	30	26	22	18	15	13	12	11	12	13	15	18	21	24	28	33	41	52	65	79	93	105	117	127	137	144	147	144	136	121	104	86	69	56	46	39	35	33	34	36	38	38	37	35	33	32	32	33	36	40	42	45	46	49	51	53	54	54
43	41	38	34	30	26	22	19	16	13	12	11	12	13	15	18	21	24	28	33	41	52	64	78	91	103	114	124	132	139	142	139	130	116	99	81	64	53	46	43	43	44	46	47	46	43	38	34	31	29	30	32	36	40	43	45	47	49	51	53	54	55
43	41	38	34	30	26	23	19	16	14	13	12	12	14	16	18	21	24	28	33	40	51	62	75	87	98	108	117	126	132	134	131	121	106	88	71	57	48	46	48	53	57	59	57	52	45	38	32	28	27	29	32	36	40	44	46	48	50	52	54	55	55
43	41	38	34	31	27	23	20	17	15	14	13	13	14	16	19	22	25	29	33	39	48	58	69	79	89	99	109	118	123	123	118	106	91	74	59	48	44	46	54	63	69	69	63	54	44	36	29	27	27	29	32	37	41	45	47	49	51	53	55	56	56
42	41	38	35	31	27	24	21	18	16	15	14	14	15	17	20	23	26	29	32	37	44	52	61	70	79	89	99	107	110	108	100	89	74	61	49	42	41	48	60	72	78	76	67	54	42	33	28	27	28	30	34	38	42	45	48	50	52	54	56	56	57
42	41	38	35	31	28	24	21	19	17	16	15	15	16	18	21	24	26	29	31	35	39	45	52	59	68	79	88	94	95	90	82	72	62	52	44	40	41	50	65	78	85	81	68	53	41	33	30	29	30	32	35	39	43	46	48	50	52	54	56	57	57
42	41	38	35	31	28	24	21	19	17	16	15	16	17	19	22	25	26	28	30	32	35	39	44	51	61	72	79	81	78	72	66	61	57	52	47	43	44	52	66	81	88	85	72	56	44	37	34	33	34	35	37	40	43	46	48	50	52	54	55	56	57
42	41	38	34	31	27	24	21	19	17	16	15	16	17	20	22	25	26	27	28	29	31	34	40	49	59	69	73	70	64	59	58	59	61	60	56	50	48	53	65	79	89	89	79	64	51	43	39	38	38	38	39	41	43	45	48	50	52	54	55	56	56
42	41	38	34	31	27	24	21	19	17	16	16	16	18	20	23	25	26	27	27	28	29	34	41	52	63	70	69	62	56	54	58	65	71	72	66	56	49	49	59	74	86	91	86	74	60	50	44	41	40	40	40	41	43	45	47	50	52	54	55	55	55
42	41	38	34	31	27	24	21	19	17	16	16	17	19	21	23	25	26	26	27	28	30	37	48	60	70	73	68	58	52	54	64	76	84	84	75	61	49	44	50	64	80	90	90	82	69	56	48	43	41	41	41	42	43	45	47	50	52	53	54	55	55
42	41	38	34	31	28	24	22	19	17	16	17	18	20	22	24	25	26	26	27	29	34	43	57	70	78	76	67	57	54	61	76	89	96	91	79	62	47	39	41	53	69	83	89	85	74	60	49	43	40	40	41	42	43	45	47	49	52	53	54	54	54
43	41	38	35	32	28	25	22	20	18	18	18	19	21	23	25	26	27	27	29	32	39	51	66	78	83	77	67	59	61	73	89	101	104	95	80	62	46	35	32	40	56	71	82	83	75	62	50	42	39	39	41	42	43	45	47	49	51	52	53	53	54
43	42	39	36	32	29	26	23	21	20	19	20	21	23	25	27	27	28	29	31	36	46	60	75	85	84	76	67	65	73	89	105	112	109	97	80	62	46	33	27	30	43	59	73	80	75	64	51	42	38	39	40	42	43	45	46	49	50	52	52	53	53
45	43	40	37	33	30	27	24	22	21	21	22	24	26	28	29	30	31	32	34	40	52	68	82	88	84	75	70	75	89	107	119	121	112	97	80	63	47	33	24	24	34	50	67	77	76	66	53	43	39	39	40	42	43	45	46	48	50	51	52	52	53
46	44	41	38	34	31	28	25	23	23	23	24	27	29	32	33	34	34	35	37	46	60	76	87	89	82	74	75	87	106	124	132	128	114	97	80	63	47	33	24	22	30	46	64	76	77	68	55	45	40	39	41	42	43	44	46	48	49	50	51	52	52
48	46	43	39	35	32	29	26	24	23	24	26	30	34	37	38	38	38	38	42	52	67	83	91	89	81	76	82	99	120	137	140	131	115	96	79	62	47	33	24	22	30	47	65	77	78	69	56	46	41	40	41	42	43	44	46	47	49	50	51	52	52
50	48	44	40	36	33	29	26	24	24	25	28	33	38	42	44	44	42	42	47	59	75	88	93	89	81	80	90	109	130	144	144	132	114	95	77	61	46	33	24	23	31	48	67	79	78	68	55	45	40	40	41	42	43	44	45	47	48	50	51	52	52
52	49	45	41	37	33	30	27	25	24	26	30	37	43	48	50	50	48	48	54	65	79	90	92	88	83	85	97	117	136	146	143	130	112	94	76	60	46	33	24	23	32	50	68	79	77	65	52	43	39	40	41	42	43	44	46	47	49	50	52	52	53
55	52	47	42	37	33	30	27	25	24	26	32	39	47	52	55	56	56	57	62	72	82	88	90	87	86	91	105	124	139	145	141	129	112	94	76	60	46	33	24	23	32	50	68	77	74	62	49	41	38	39	40	41	42	44	46	48	49	51	52	53	54
58	55	49	44	38	34	31	28	26	25	27	32	41	49	55	59	62	64	67	71	78	83	85	85	85	88	97	113	129	140	144	140	130	114	96	77	61	46	32	23	22	31	49	67	76	73	61	48	40	38	39	40	41	42	44	47	48	50	52	53	55	55
62	59	53	46	40	36	32	29	27	26	28	33	41	49	56	62	68	73	77	80	83	83	81	81	84	91	104	119	133	141	144	141	132	117	99	80	62	46	32	22	21	31	49	66	75	72	61	48	40	38	39	39	40	42	45	47	49	51	52	54	55	56
67	63	58	51	44	39	34	31	29	28	30	35	41	48	55	62	71	80	85	87	86	82	79	79	83	94	108	123	135	142	145	144	136	122	103	83	64	47	32	22	21	30	48	65	74	71	60	48	40	38	38	39	40	42	45	47	49	51	53	55	56	57
72	68	63	56	49	43	38	34	32	32	34	38	43	48	53	61	71	80	86	88	85	80	76	77	84	96	112	126	136	143	147	147	140	127	108	87	67	48	33	23	22	31	48	64	72	69	58	47	40	38	38	39	41	43	45	48	50	52	53	55	56	57
76	73	68	61	55	48	43	39	37	38	41	44	47	48	52	57	66	74	80	81	78	74	73	76	84	98	113	127	137	144	149	149	144	132	113	91	69	50	34	24	23	32	48	63	70	66	55	45	39	37	38	39	41	44	46	49	51	52	54	55	57	58
78	76	72	66	60	53	48	45	44	47	51	53	52	50	50	52	58	64	68	68	67	66	67	72	82	96	112	126	136	144	149	151	147	135	117	94	72	51	35	25	25	34	49	62	67	62	52	43	38	37	38	39	42	45	47	49	51	53	54	55	57	58
80	78	75	70	64	58	54	52	53	57	62	62	58	52	48	47	50	54	56	56	55	56	59	66	77	91	106	121	133	141	147	150	148	137	119	97	74	53	37	27	27	37	51	63	66	60	50	41	37	37	38	40	43	46	48	50	52	53	54	56	57	58
81	79	76	72	67	62	59	58	62	67	71	69	63	54	47	43	45	47	48	47	47	48	52	59	69	83	98	113	125	135	142	147	146	137	120	99	76	55	39	30	31	41	54	64	65	58	48	40	36	36	38	40	43	46	49	51	53	54	55	56	57	58
81	80	78	74	70	65	62	63	68	74	77	74	66	55	46	42	43	45	46	45	43	44	46	52	61	73	88	102	114	124	133	139	140	134	119	99	78	57	41	33	35	46	58	66	65	57	46	39	36	37	38	41	44	47	50	52	53	54	55	56	57	58
81	80	78	75	71	67	65	67	72	78	80	76	66	54	46	43	45	48	49	48	46	44	44	48	55	65	78	90	101	110	119	127	131	128	116	99	79	60	45	38	41	52	63	68	65	55	45	38	36	37	39	42	45	48	50	52	53	54	55	56	57	58
81	80	78	75	71	67	66	68	74	80	81	76	65	53	45	44	47	52	56	55	51	47	45	47	53	61	71	81	89	96	104	112	119	119	111	97	79	62	49	45	49	59	68	70	64	53	43	37	36	38	40	43	46	49	51	52	53	54	55	56	57	58
80	79	78	75	71	67	66	69	76	81	82	75	64	52	45	44	49	56	61	62	57	51	48	49	54	61	69	76	80	84	89	96	104	108	105	94	79	65	55	53	58	67	73	71	62	50	40	36	36	38	41	44	47	49	51	52	53	53	54	56	57	57
80	79	77	74	71	67	66	69	76	81	81	74	63	52	44	44	50	59	66	67	62	55	51	52	57	64	70	74	75	75	76	81	89	96	97	90	78	67	60	61	67	75	77	72	60	47	38	35	36	39	42	45	47	49	51	52	52	53	54	55	56	57
80	79	77	74	70	67	65	68	73	77	76	70	60	50	43	43	51	61	69	71	66	59	54	55	60	67	73	76	74	70	67	68	75	82	86	84	76	68	64	67	75	81	81	72	58	45	37	35	36	39	43	46	48	50	51	52	52	53	54	55	56	57
81	80	77	74	70	66	64	65	67	70	69	63	55	47	41	42	50	61	70	74	70	63	57	58	63	70	76	79	76	69	62	58	61	68	74	75	71	67	67	73	82	87	83	71	55	42	36	35	37	40	44	47	49	50	51	52	52	53	54	55	56	57
82	81	78	75	70	66	63	61	61	61	59	54	49	43	39	41	49	61	72	76	73	66	60	61	66	73	79	82	79	70	60	52	50	54	60	64	64	64	69	78	87	90	83	69	52	41	36	36	38	41	45	48	50	51	52	52	52	53	54	55	56	57
83	81	79	75	71	66	62	58	55	53	50	47	43	40	38	39	47	60	73	79	77	70	64	64	70	76	82	85	82	73	61	50	44	43	48	53	57	62	71	83	92	93	83	66	50	39	36	37	39	42	46	48	50	52	52	52	53	53	54	55	56	57
83	82	79	76	71	67	62	57	52	49	46	43	40	38	36	38	46	59	73	80	80	74	68	68	72	79	84	87	85	77	66	54	43	38	40	45	52	61	74	88	96	94	82	64	48	38	36	37	40	43	46	49	51	52	53	53	53	53	54	55	56	57
83	82	79	76	71	67	62	57	51	47	44	42	39	37	36	37	45	58	71	80	81	77	72	71	75	81	87	90	89	84	74	62	50	41	38	42	50	63	79	93	100	95	80	60	45	38	37	39	41	44	47	49	51	53	53	53	53	54	54	55	56	57
83	82	79	76	71	66	62	57	52	48	44	42	39	37	36	37	43	54	67	76	79	77	74	75	79	85	89	93	94	92	85	74	61	51	45	45	53	66	83	97	100	92	75	56	43	37	38	40	42	45	47	49	51	53	54	54	54	54	55	56	57	57
83	82	79	75	71	66	61	56	52	47	44	41	39	37	36	36	41	50	61	70	74	76	76	79	84	90	94	97	100	100	97	88	77	66	59	56	61	73	87	97	97	86	68	51	40	37	38	41	43	45	48	50	52	53	54	55	55	55	55	56	57	58
83	81	79	75	71	66	61	56	51	47	43	40	38	36	35	36	40	46	54	62	69	73	78	84	91	97	101	105	107	108	108	103	95	85	78	74	75	81	89	92	88	76	59	45	37	36	39	41	44	46	48	50	52	54	55	55	55	55	56	57	58	58
82	80	78	74	70	65	60	55	50	46	42	40	37	36	35	36	39	44	50	57	64	70	78	87	96	104	109	113	115	117	118	116	112	105	100	95	92	91	90	85	76	63	50	39	35	36	38	41	44	46	49	51	53	54	55	56	56	56	57	57	58	58
80	79	77	73	69	65	60	55	50	46	42	40	38	37	36	37	39	43	49	55	61	69	78	89	100	109	116	120	124	125	127	127	126	124	121	116	109	101	90	77	63	51	40	34	33	35	38	41	43	46	49	51	53	55	56	57	57	57	57	58	58	59
79	78	76	73	69	65	60	56	51	47	43	41	39	38	38	39	41	45	50	56	61	68	77	88	100	111	119	125	130	133	135	136	137	138	138	134	124	109	91	71	53	40	33	30	31	34	37	40	43	46	49	52	54	56	57	57	57	57	58	58	59	59
78	77	75	72	69	65	61	56	52	48	45	43	41	41	40	41	43	47	53	58	63	68	76	86	98	110	120	127	134	138	141	143	145	147	148	145	135	116	92	67	47	34	29	29	31	34	37	40	43	46	50	52	55	56	57	58	58	58	58	59	59	59
78	77	75	72	69	66	62	58	54	50	47	45	44	43	43	43	45	50	55	61	65	70	75	84	95	107	118	127	135	141	145	148	150	151	152	150	139	119	94	67	45	31	27	28	31	34	37	40	43	46	50	53	55	56	57	58	58	58	59	59	59	59
78	77	75	73	70	66	63	59	55	52	49	47	46	46	45	45	47	51	57	62	67	70	75	82	91	103	114	125	134	141	147	150	151	152	151	148	137	118	93	67	45	32	28	29	31	35	38	40	43	47	50	53	55	57	58	58	58	59	59	60	60	60
78	77	75	73	70	67	63	60	56	53	51	49	48	47	47	47	49	52	57	63	67	70	74	80	88	98	109	121	131	140	146	150	151	149	146	141	129	112	90	67	46	34	30	30	32	35	38	41	44	47	50	53	55	57	58	58	59	59	60	60	61	61
78	77	75	73	70	67	64	61	58	55	52	50	49	48	48	48	49	52	57	62	66	69	72	77	84	93	104	116	127	137	144	148	148	145	138	130	118	102	83	63	46	35	31	31	33	36	39	41	44	47	50	53	55	56	57	58	59	60	60	61	61	62
78	77	75	73	71	68	65	62	59	56	53	51	50	49	48	48	49	52	56	60	63	66	69	74	80	89	99	111	123	133	140	145	144	138	128	116	103	89	73	57	44	35	31	31	33	36	39	41	44	47	50	53	54	56	57	58	59	60	61	62	62	62
78	77	75	73	71	68	65	62	59	57	54	52	51	49	48	48	49	51	54	57	60	63	66	71	77	86	97	108	119	128	136	140	140	132	119	104	90	76	62	50	40	33	31	31	33	36	38	41	45	48	50	52	54	56	57	58	59	60	61	62	62	62
78	77	75	74	71	69	66	63	60	57	55	52	51	49	48	47	47	49	51	54	57	60	63	68	75	84	94	105	114	123	131	135	135	127	113	97	80	66	53	43	36	31	30	31	33	36	38	42	45	48	50	52	54	55	57	58	59	60	61	62	62	62
77	77	75	74	72	69	66	63	60	57	55	52	50	49	47	47	46	47	48	51	53	57	60	66	73	82	91	101	110	118	126	131	131	124	112	95	77	61	48	39	32	29	29	31	33	36	39	42	46	48	51	53	54	56	57	58	60	61	62	62	62	62
77	76	75	74	72	69	66	63	60	57	54	52	50	48	47	46	45	46	47	48	50	53	57	62	70	78	87	96	105	114	121	127	129	124	113	97	78	60	46	35	30	28	29	31	34	36	40	43	46	49	51	53	55	56	57	59	60	61	62	63	63	62
77	76	75	73	71	69	66	63	60	57	54	52	50	48	47	45	45	45	46	47	48	50	53	58	65	74	83	92	101	109	118	125	127	124	114	99	80	61	45	34	28	27	29	31	34	37	40	43	47	49	51	53	55	56	58	59	61	62	63	63	63	63
77	76	75	73	71	69	66	63	60	57	54	52	50	48	46	45	45	45	46	46	47	49	51	55	62	70	79	88	97	107	116	123	126	123	114	99	81	61	44	33	27	27	29	32	34	37	41	44	47	50	52	53	55	57	58	60	61	62	63	64	64	64
77	76	75	73	71	69	66	63	60	57	55	52	50	48	47	46	45	45	46	46	47	48	50	54	60	67	76	86	96	106	116	123	125	121	111	97	79	60	44	32	28	27	30	32	35	38	41	45	47	50	52	54	55	57	58	60	61	63	63	64	64	64
76	76	75	73	71	69	66	63	61	58	55	53	51	49	47	46	46	46	46	47	47	48	50	54	60	68	76	85	96	107	117	124	125	120	109	94	76	58	43	33	28	28	30	33	36	39	42	45	48	50	52	54	55	57	59	60	62	63	64	64	64	64
76	75	74	73	71	69	66	64	61	58	56	54	51	50	48	47	47	47	47	47	48	49	51	55	61	69	77	87	98	109	120	127	127	121	109	92	73	56	42	33	29	29	31	33	36	39	42	46	48	51	52	54	56	57	59	61	62	63	64	64	64	64
75	75	74	72	71	69	66	64	61	59	56	54	52	50	49	48	47	47	47	47	48	49	51	56	62	70	79	89	100	112	124	131	132	125	110	92	72	54	41	33	30	30	31	34	37	40	43	46	49	51	53	54	56	57	59	61	62	63	64	64	64	64
75	74	73	72	70	68	66	64	62	59	57	54	52	51	49	48	48	47	47	47	48	49	52	56	62	71	80	91	102	114	127	135	137	130	114	93	72	54	41	33	30	30	32	35	38	41	44	47	49	51	53	55	56	58	59	61	62	63	63	64	64	64
75	74	73	71	70	68	66	64	62	60	57	55	53	51	49	48	48	47	47	47	48	49	52	56	62	71	81	92	104	116	129	139	141	133	117	95	72	53	41	33	31	31	32	35	38	41	45	47	50	52	53	55	56	58	59	60	62	62	63	64	64	64
75	74	73	71	70	68	66	65	63	60	58	56	53	51	50	49	48	47	47	47	47	49	52	56	62	71	82	93	106	118	131	140	143	135	117	95	72	53	41	34	32	32	33	36	39	42	45	48	50	52	53	55	57	58	59	60	61	62	63	63	64	64
75	74	73	71	70	69	67	65	63	61	59	56	54	52	50	49	48	47	46	46	47	49	52	56	63	72	83	95	107	120	133	142	143	134	117	93	71	53	42	36	33	32	34	36	39	42	45	48	50	52	53	55	57	58	59	60	61	62	63	63	64	64
74	74	72	71	70	69	67	66	64	62	59	57	54	52	50	49	48	47	47	47	47	49	52	57	64	73	84	96	109	122	134	142	143	133	115	92	71	54	43	37	34	33	34	36	39	42	45	47	49	51	53	55	57	58	59	60	61	62	63	64	64	64
74	73	72	71	70	69	67	66	64	62	60	57	55	52	51	49	48	47	47	47	48	49	52	57	64	73	84	97	111	124	136	143	143	132	113	91	70	54	44	38	35	34	34	36	38	41	44	47	49	51	53	55	57	58	59	60	61	62	63	64	64	64
73	72	71	70	69	68	67	66	64	62	60	57	55	53	51	49	48	47	47	47	48	50	53	57	64	73	85	99	113	127	138	145	142	131	112	90	70	54	45	38	35	34	34	36	38	41	44	47	49	51	53	55	57	58	59	60	61	62	63	64	64	64
73	72	71	70	69	68	67	66	64	62	60	57	55	53	51	49	48	47	47	48	48	50	53	57	64	73	86	101	116	129	140	146	143	130	111	89	69	54	45	38	35	34	35	36	38	41	44	47	49	51	53	55	57	58	59	60	61	63	64	64	64	65
73	73	72	71	70	69	68	67	65	63	60	58	55	53	51	50	48	47	47	48	48	50	52	57	64	74	87	102	117	131	142	147	143	130	111	89	70	55	45	39	35	34	35	36	38	41	44	46	49	51	53	55	57	58	60	61	62	63	64	64	65	65
74	73	72	71	70	69	68	67	65	63	61	58	56	54	52	50	48	47	47	47	48	49	52	57	64	74	87	102	117	131	142	147	143	130	111	89	70	55	45	39	35	34	35	37	39	41	44	46	49	51	53	55	57	59	60	61	62	63	64	65	65	65
74	73	73	72	71	70	69	67	65	63	61	59	56	54	52	50	48	47	46	47	47	49	52	57	64	74	87	102	117	131	141	146	143	130	111	90	70	55	45	38	35	34	35	37	39	41	44	46	49	51	53	55	57	59	60	62	63	63	64	65	65	65
74	74	73	72	71	70	69	67	66	64	61	59	57	54	52	50	48	47	46	46	47	49	52	57	64	75	88	103	117	130	141	146	143	131	112	90	71	56	45	38	35	34	35	37	39	42	44	47	49	51	53	55	57	59	61	62	63	64	64	65	65	65
74	73	73	72	71	70	69	67	66	64	62	59	57	55	53	50	48	47	46	46	47	48	52	57	65	76	89	104	118	132	142	147	144	131	112	91	71	56	46	39	35	34	35	37	39	42	45	47	50	52	54	56	58	60	61	62	63	64	64	65	65	65
73	73	72	72	71	70	68	67	66	64	62	60	57	55	53	51	49	47	46	46	47	48	52	57	66	77	90	105	121	134	145	149	146	132	113	91	72	57	46	39	35	34	35	37	40	42	45	48	50	52	54	56	58	60	61	62	63	64	64	65	65	65
72	72	72	71	70	69	68	67	66	64	62	60	58	56	54	51	49	48	46	46	47	48	52	57	66	78	92	107	123	137	148	152	148	134	114	91	72	57	47	40	36	35	35	37	40	43	45	47	50	52	54	56	58	60	61	62	63	64	64	65	65	65
72	72	71	71	70	69	68	67	65	64	62	60	58	56	54	52	50	48	47	46	47	48	52	57	66	78	92	109	125	139	150	154	150	136	115	92	72	57	47	40	37	35	36	37	40	43	45	47	50	52	54	56	58	60	61	62	63	64	65	65	65	65
71	71	71	71	70	69	68	67	65	64	62	60	59	57	55	53	51	49	47	47	47	48	52	57	66	78	93	109	125	139	150	155	151	138	117	93	73	57	47	41	37	35	36	37	40	43	45	48	50	52	54	56	58	60	61	63	64	64	65	65	65	65
71	71	71	71	70	69	68	67	65	64	62	60	59	57	55	53	51	49	48	47	47	48	51	57	66	78	93	109	124	138	150	156	153	140	120	95	74	57	47	40	37	35	35	37	40	43	46	48	50	52	55	57	59	60	62	63	64	65	65	66	66	66
71	71	71	71	70	69	68	67	65	64	62	60	59	57	55	53	51	49	48	47	47	48	52	57	66	79	94	110	125	138	149	156	155	142	122	97	75	58	47	40	36	34	35	37	40	43	46	48	51	53	55	57	59	60	62	63	64	65	66	66	66	66
72	72	72	71	71	70	68	67	65	63	62	60	58	57	55	53	51	49	48	47	47	49	52	58	67	80	95	110	125	138	150	157	155	144	123	98	75	58	46	39	35	34	35	37	40	43	46	49	51	53	55	57	59	60	62	63	64	65	66	66	66	66
73	72	72	72	71	70	69	67	65	64	62	60	58	57	55	53	51	49	48	47	47	49	52	59	68	81	96	112	126	139	151	157	155	143	123	99	76	58	46	38	34	33	35	37	40	43	46	49	52	53	55	57	58	60	62	63	64	65	66	66	67	67
73	73	72	72	71	71	70	68	66	64	62	60	58	57	55	53	51	49	47	47	47	49	53	59	69	83	98	113	128	141	151	157	154	142	122	98	77	59	47	38	34	33	35	37	40	44	47	49	52	54	55	57	58	60	62	63	64	65	66	67	67	68
73	73	72	72	71	71	70	69	66	64	62	60	58	57	55	53	50	48	47	46	46	48	53	60	70	83	99	115	129	142	152	157	153	139	120	98	78	61	48	39	34	33	35	38	41	44	47	50	52	54	56	57	59	60	62	64	65	66	66	67	68	68
74	73	72	71	71	71	70	69	67	64	62	60	59	57	55	53	50	48	46	46	46	48	53	60	70	84	99	115	130	143	153	156	151	138	119	98	79	63	49	39	34	33	35	38	41	44	47	50	52	54	56	57	59	61	63	64	65	66	67	67	68	68
74	73	72	72	71	71	70	69	67	65	63	61	59	57	55	53	50	48	46	45	45	47	52	60	70	84	99	115	130	143	153	156	151	137	119	99	81	64	51	40	34	34	36	39	42	45	47	50	52	54	56	58	59	61	63	65	66	66	67	67	68	68
74	74	73	72	72	71	70	69	67	65	63	61	59	57	55	53	50	48	46	45	45	47	52	60	71	84	99	115	130	144	153	156	151	138	121	101	82	65	51	40	35	34	37	40	43	46	48	50	52	54	56	58	60	62	64	65	66	67	67	67	67	68
75	75	74	73	73	72	71	69	67	65	63	62	60	58	55	53	50	48	46	45	45	47	53	61	72	85	100	116	131	144	154	157	153	141	123	102	83	66	51	41	36	35	38	41	44	47	49	51	53	55	56	58	60	62	64	66	66	67	67	67	67	68
76	75	75	74	73	73	71	69	67	65	64	62	60	58	56	53	50	48	46	45	45	48	54	62	73	87	102	118	132	145	155	159	155	144	125	104	83	65	51	41	37	37	39	42	45	48	50	52	54	55	57	59	61	63	65	66	67	67	67	67	68	68
76	76	75	75	74	73	72	70	68	66	64	63	61	59	56	53	51	48	46	45	46	49	55	64	76	90	105	120	135	147	157	162	159	147	127	104	83	64	50	42	38	38	40	43	46	49	51	53	55	56	58	60	62	64	65	67	67	68	68	68	68	68
76	76	75	75	74	74	72	70	68	66	65	63	61	59	56	53	51	48	47	46	47	50	57	67	79	94	109	124	138	150	159	164	161	148	128	104	81	63	50	42	39	39	41	45	48	50	53	54	56	57	59	61	62	64	66	67	68	68	68	68	68	68
77	76	76	75	75	74	72	70	68	66	65	63	61	59	56	54	51	49	47	46	48	52	59	69	82	97	112	127	140	152	162	166	163	149	127	103	80	62	50	43	39	40	42	46	49	52	54	56	57	58	60	61	63	64	65	67	67	68	68	68	68	68
77	77	76	75	74	73	72	70	68	66	64	63	61	59	57	54	52	50	48	47	48	52	60	72	85	100	115	130	143	155	163	167	163	148	126	102	79	62	50	43	40	40	43	47	50	53	55	57	58	59	60	62	63	64	65	66	67	68	68	69	69	69
78	77	76	75	74	73	72	70	68	66	64	63	61	59	57	55	52	50	48	47	48	52	61	73	88	104	119	134	147	158	165	168	162	147	125	101	79	62	51	44	40	41	44	48	51	54	56	58	59	60	61	62	63	64	65	66	67	68	69	69	69	69
79	78	77	76	75	73	72	70	68	66	64	63	61	60	58	56	53	51	48	47	47	52	61	75	91	108	124	138	151	161	168	169	162	147	125	101	80	63	51	44	41	41	45	49	52	55	57	58	60	60	61	62	63	64	66	67	67	68	69	69	69	69
80	79	78	77	75	74	72	70	68	66	65	63	62	60	59	56	54	51	48	46	46	51	61	75	93	111	129	144	156	165	170	170	162	146	125	102	80	64	52	44	41	42	45	49	53	56	58	59	60	61	61	62	63	65	66	67	68	69	69	70	70	70
80	80	79	78	76	74	73	71	69	67	65	64	62	61	59	57	54	51	48	46	46	50	60	75	94	114	133	148	159	167	171	170	161	145	124	101	80	63	52	45	42	43	46	50	53	56	58	59	60	61	61	62	63	65	66	68	69	69	70	70	70	70
81	80	79	78	77	75	73	71	70	68	66	64	63	61	59	57	54	52	48	46	45	49	59	75	95	116	135	151	162	168	171	169	159	144	123	100	79	63	52	45	42	43	47	50	54	57	59	60	60	61	61	62	63	65	67	68	69	70	70	70	70	70
82	81	80	79	77	76	74	72	70	68	67	65	63	62	59	57	54	52	49	46	45	49	58	75	95	118	138	153	163	168	169	166	156	141	120	99	78	62	51	45	43	44	47	51	54	57	59	60	60	61	62	62	64	65	67	68	69	70	71	71	71	71
83	82	81	79	78	76	74	72	70	69	67	65	64	62	59	57	54	51	48	46	45	49	58	75	97	120	141	155	164	167	167	162	152	137	118	97	78	62	51	45	43	45	48	51	54	57	59	60	61	61	62	63	64	66	67	68	69	70	71	71	72	72
84	83	82	80	78	76	74	72	70	69	67	65	64	61	59	56	53	51	48	46	46	49	59	76	100	124	145	159	166	167	164	158	148	133	115	95	77	62	51	45	43	45	49	52	55	57	59	60	61	62	63	64	65	66	67	68	69	70	71	72	72	73
85	84	83	81	79	77	74	72	71	69	67	65	64	61	58	56	53	50	48	46	47	50	60	79	103	129	150	163	169	168	163	155	144	129	112	94	77	63	52	46	44	46	49	52	55	57	59	60	61	62	63	65	66	67	67	68	69	70	71	72	72	73
85	85	83	81	79	77	75	73	71	69	67	65	63	61	58	55	52	50	48	47	47	51	62	82	107	133	154	167	171	169	163	154	142	127	110	93	78	64	53	47	44	46	49	53	56	58	59	60	61	63	64	65	66	67	68	68	69	70	71	72	72	73
86	85	84	82	80	78	75	73	71	69	68	66	63	61	58	55	52	50	48	47	48	52	64	83	109	135	156	168	172	170	164	155	141	125	109	94	80	67	56	49	46	46	50	53	55	58	59	60	62	63	65	66	67	67	68	68	69	70	71	72	72	72
86	85	84	83	81	78	76	74	72	70	68	66	64	61	58	55	52	50	48	47	48	53	64	83	107	132	153	167	172	171	166	156	142	126	110	97	84	72	60	52	47	47	50	53	55	57	59	60	62	64	65	66	67	68	68	69	69	70	71	72	72	72
86	86	85	83	81	79	76	74	72	70	68	66	64	61	58	55	53	50	48	47	48	52	62	80	103	127	148	163	170	171	167	158	144	128	113	100	88	76	64	54	48	47	50	52	55	57	59	60	62	64	65	66	67	68	68	69	70	70	71	72	73	73
86	86	85	83	82	79	77	75	72	70	68	66	64	61	59	56	53	51	48	47	47	50	59	75	96	120	142	158	168	171	169	161	147	130	115	102	90	78	67	56	49	47	49	52	54	57	59	61	62	64	65	66	67	68	69	70	70	71	72	72	73	73
86	86	85	84	82	80	77	75	73	71	69	66	64	62	59	56	53	51	48	46	46	48	56	71	91	114	136	153	165	171	171	164	150	132	116	102	89	77	65	55	48	47	49	52	54	57	59	61	62	64	65	66	67	68	69	70	71	71	72	73	73	74
86	86	85	84	82	80	78	75	73	71	69	67	64	62	59	56	54	51	48	46	45	47	54	68	87	109	131	150	164	171	172	165	152	134	115	99	85	72	62	53	47	47	49	52	54	56	59	61	63	64	65	66	67	68	69	70	71	72	73	73	74	74
86	86	85	84	83	81	78	76	74	72	70	67	65	62	59	57	54	51	48	46	45	47	54	67	85	107	130	149	164	172	173	167	153	134	114	95	79	66	56	49	46	47	49	52	54	57	59	61	63	64	65	66	67	68	69	70	71	72	73	74	74	74
86	86	85	84	83	81	79	76	74	72	70	68	65	63	60	57	54	51	48	46	45	47	54	67	85	107	129	149	164	172	173	168	154	134	111	90	73	60	51	46	45	47	49	52	55	57	59	61	63	65	66	66	67	68	69	70	71	73	74	74	75	75
86	86	85	84	83	81	79	77	75	73	71	69	66	63	60	57	54	51	48	46	46	48	54	67	85	106	129	149	164	172	174	168	154	133	109	87	69	56	48	45	45	47	50	53	55	58	60	62	63	65	66	66	67	68	69	70	71	73	74	75	75	76
86	86	85	85	84	82	80	77	75	73	71	69	66	64	60	57	54	51	49	47	47	49	55	66	84	105	128	148	164	172	173	167	152	131	107	84	67	55	49	46	46	48	50	53	56	58	60	62	64	65	66	66	67	68	69	70	71	73	74	75	76	76
86	86	86	85	84	82	80	78	75	73	71	69	67	64	61	57	54	51	49	48	48	50	55	66	82	104	126	147	163	172	173	165	150	129	105	84	68	58	53	50	48	49	51	53	56	59	61	63	64	65	66	66	67	68	69	70	71	72	74	75	75	76
86	86	86	85	84	83	81	78	76	73	71	69	67	64	61	58	54	52	50	49	49	50	55	65	81	102	125	146	162	171	171	164	149	127	105	85	72	65	60	55	52	51	51	53	56	59	61	63	64	65	66	67	67	68	69	70	71	72	73	74	75	75
86	86	86	86	85	83	81	79	76	73	71	69	67	64	61	58	55	53	51	50	50	51	55	64	79	100	123	144	160	169	171	164	148	127	105	89	79	73	68	62	56	52	52	54	57	60	62	64	65	66	66	67	67	68	69	70	71	72	73	74	75	75
86	86	86	86	85	84	82	79	76	74	71	69	67	64	62	59	57	54	52	51	51	52	55	64	78	98	121	142	158	168	170	164	149	128	107	93	85	80	75	67	58	53	51	54	57	60	62	64	65	66	66	67	68	68	69	70	71	72	73	74	75	75
86	86	86	86	86	85	83	80	77	74	72	70	67	65	63	61	58	56	54	53	52	52	55	63	76	96	118	139	156	167	170	165	150	129	108	95	87	83	77	69	59	52	51	54	57	60	63	64	65	66	66	67	68	69	70	71	72	73	74	74	75	75
86	86	87	87	86	85	84	81	78	75	73	70	68	66	64	62	60	58	56	55	53	53	55	62	74	93	114	136	154	166	169	164	149	128	107	93	85	80	74	66	57	51	51	54	57	60	62	64	65	66	67	67	68	69	70	71	72	73	74	75	75	76
86	87	87	87	87	86	84	82	79	76	73	71	69	67	66	64	62	60	59	57	55	54	55	61	72	90	111	132	151	164	168	162	147	125	103	88	79	73	67	60	53	50	50	53	56	59	61	63	64	66	67	68	68	69	70	71	72	73	74	75	76	76
87	87	87	87	87	86	84	82	79	76	74	72	70	68	67	66	64	62	61	59	56	55	55	60	70	87	107	128	148	161	165	159	143	121	99	82	71	65	60	54	50	48	49	52	55	58	60	62	64	65	67	68	69	70	71	72	73	74	74	75	76	76
87	87	87	87	86	85	84	81	79	77	74	73	71	69	68	67	66	64	62	60	58	56	56	60	70	85	104	125	145	158	163	156	140	118	95	77	66	59	54	50	48	48	49	52	55	58	60	62	63	65	67	68	69	70	71	72	73	74	75	76	76	77
87	87	87	87	86	85	83	81	79	77	75	73	72	70	69	68	67	66	64	62	59	57	57	60	69	83	102	123	142	156	160	154	138	117	95	76	63	55	51	48	46	47	49	52	55	58	60	61	63	65	66	68	69	70	71	72	73	74	75	76	77	77
87	87	87	87	86	85	83	81	79	78	76	74	73	71	70	69	68	67	65	63	60	58	58	61	69	83	101	121	140	154	159	153	138	117	95	77	64	54	49	47	46	47	50	53	56	58	60	62	63	65	66	68	69	70	72	73	74	74	75	76	77	78
87	87	87	87	86	85	83	82	80	78	77	75	74	72	71	70	69	68	67	64	62	59	58	61	69	82	99	120	139	153	159	154	139	118	97	79	64	55	49	46	46	48	51	54	57	59	61	62	63	65	66	68	69	71	72	73	74	75	76	77	78	78
87	87	87	87	86	85	84	82	81	79	77	76	75	73	72	71	70	69	68	66	63	60	59	61	69	81	99	119	139	153	159	155	141	121	99	80	65	54	49	46	46	49	52	55	58	60	62	63	64	65	66	68	69	71	72	73	74	76	77	77	78	78
86	86	86	86	86	85	84	83	82	80	78	77	76	74	73	72	71	70	69	67	64	61	59	61	68	81	99	119	139	154	161	157	143	124	102	82	66	54	48	46	47	49	53	56	59	61	63	64	64	65	66	67	69	70	72	73	75	76	77	78	78	78
86	86	86	86	86	86	85	84	83	81	80	78	77	75	74	73	72	71	70	68	65	61	60	61	68	81	99	119	139	155	162	158	145	125	104	83	67	55	48	46	47	50	53	57	59	62	63	64	65	65	66	67	69	70	71	73	75	76	77	78	78	78
87	87	87	87	86	86	86	85	84	83	81	80	78	77	75	74	73	72	71	68	65	62	60	61	68	81	99	119	139	155	162	159	146	127	106	86	68	56	49	47	48	51	54	57	60	62	63	64	65	65	66	67	69	70	71	73	74	76	77	78	78	78
88	88	88	87	87	87	86	86	85	84	83	81	80	78	77	75	74	73	72	69	66	62	60	61	68	81	98	119	139	154	160	158	146	129	108	88	71	58	50	48	49	52	55	58	60	62	63	64	65	65	67	68	69	70	72	73	74	76	77	78	78	78
89	89	89	88	88	87	87	87	86	85	84	83	81	80	78	77	75	74	73	70	66	62	60	61	68	81	98	119	138	153	159	156	146	130	111	91	74	60	51	49	50	53	56	59	60	62	63	64	65	66	67	69	70	71	72	73	74	76	77	78	78	78
90	90	90	89	89	88	88	88	87	86	86	84	83	81	79	78	77	75	74	71	67	63	60	61	67	80	98	118	137	152	158	156	146	132	114	94	76	61	52	49	50	53	56	59	61	62	63	65	66	67	68	69	70	71	72	73	74	76	77	78	78	78
91	91	91	90	90	89	89	88	88	87	86	85	84	82	81	79	78	77	75	71	67	63	60	61	67	80	98	118	137	151	157	155	147	134	117	97	78	62	52	48	50	53	57	59	61	63	64	65	67	68	69	70	71	72	72	73	75	76	78	78	79	79
93	92	92	91	91	90	90	89	89	88	87	86	85	83	82	80	79	77	75	72	68	63	60	61	67	79	97	118	137	151	158	156	149	136	119	99	79	62	51	48	50	53	57	60	62	63	65	66	67	69	70	71	71	72	73	74	75	77	78	79	79	79
94	94	93	93	92	91	91	90	89	89	88	87	85	84	83	81	80	78	76	72	68	64	61	61	67	79	97	118	138	152	158	157	150	138	122	102	81	63	52	48	50	53	57	60	62	64	65	67	68	69	70	71	72	73	74	75	76	77	78	79	79	79
96	95	95	94	93	93	92	91	90	90	89	87	86	85	84	82	80	78	76	73	69	65	62	62	68	80	98	118	138	152	158	157	151	140	124	104	83	64	53	49	50	54	57	60	62	64	66	67	68	69	70	71	73	74	75	76	76	77	78	78	79	79
97	97	97	96	95	94	94	93	92	91	89	88	87	86	84	83	81	79	76	73	69	65	62	63	69	81	99	119	138	152	158	157	151	141	125	105	84	65	53	49	51	54	57	60	62	64	66	68	69	69	70	72	73	75	76	76	76	77	77	78	79	79
99	99	98	98	97	96	95	94	93	92	91	89	88	87	85	83	81	79	77	74	70	66	63	63	69	82	99	119	138	152	158	158	152	142	126	106	84	65	53	49	51	54	57	60	62	64	66	68	69	70	71	72	74	75	76	76	76	76	77	78	78	79
101	100	100	99	98	97	96	96	95	93	92	90	89	88	86	84	82	80	77	74	70	66	63	64	70	82	100	120	139	153	160	160	155	144	127	105	83	65	53	49	51	54	57	60	62	64	66	67	69	70	71	73	74	75	76	76	76	76	77	78	78	79
102	101	101	100	99	98	97	97	95	94	93	91	90	89	87	85	83	80	77	74	70	66	63	64	70	83	100	121	140	155	162	163	157	146	128	106	83	64	53	49	50	54	57	60	62	64	66	67	69	70	71	73	74	75	76	76	76	76	77	78	79	79
103	102	101	101	100	99	98	97	96	95	94	92	91	89	88	86	83	80	77	73	69	65	63	64	70	83	101	121	141	156	164	166	160	148	130	107	83	64	52	49	50	53	57	60	62	64	66	67	69	70	71	73	74	75	75	76	76	77	77	78	79	80
103	103	102	101	101	100	99	98	97	96	94	93	91	90	88	86	83	80	77	73	69	65	63	64	70	83	101	121	141	157	166	168	163	150	131	108	84	64	52	49	50	53	57	59	62	64	65	67	69	70	71	72	73	74	75	75	76	77	78	79	80	80
104	103	103	102	101	101	100	99	98	96	95	93	92	90	89	86	84	80	77	73	69	65	63	64	71	83	101	121	141	156	165	168	164	152	133	109	85	65	53	49	50	53	56	59	61	63	65	67	68	70	71	72	73	74	74	75	76	77	78	79	80	80
104	104	103	103	102	102	101	100	99	97	95	94	92	91	89	87	84	80	76	73	68	65	63	64	71	83	101	120	140	155	164	167	163	152	134	110	86	65	53	48	49	53	56	59	61	63	65	66	68	69	70	71	72	73	74	75	76	78	79	79	80	81
105	104	104	103	103	103	102	101	99	98	96	94	93	91	89	87	84	80	76	72	68	65	63	65	71	83	100	120	139	154	163	166	162	152	134	111	86	65	52	48	49	52	56	59	61	63	64	66	68	69	70	71	72	73	74	76	77	78	79	80	80	81
105	105	104	104	104	104	103	102	100	98	96	95	93	91	89	87	83	80	75	71	67	64	63	64	71	83	100	119	138	153	162	165	161	151	133	110	86	65	52	48	49	52	56	59	61	63	64	66	68	69	70	71	72	73	75	76	77	78	79	80	80	80
106	105	105	105	105	104	103	102	101	99	97	95	93	92	89	87	83	79	75	70	66	64	62	64	70	83	100	119	138	153	162	164	160	149	132	109	85	65	52	48	48	52	56	59	61	63	65	66	68	69	70	71	72	74	75	76	77	78	79	80	80	80
106	106	106	105	105	105	104	103	101	99	97	95	94	92	90	87	83	79	74	70	66	63	62	64	70	83	100	120	140	155	163	165	160	148	130	108	85	65	52	48	48	52	56	59	62	63	65	67	68	69	70	71	72	74	75	76	77	78	79	80	80	80
106	106	106	106	105	105	104	103	101	99	98	96	94	92	90	87	83	79	74	69	65	63	62	64	70	83	101	122	142	157	165	166	161	149	130	107	84	65	53	48	49	52	56	60	62	64	66	67	68	69	70	71	72	74	75	76	77	78	79	80	80	80
106	106	106	106	106	105	104	103	101	100	98	96	94	92	90	87	83	79	74	70	66	63	62	64	71	84	103	124	145	160	167	168	162	149	130	107	84	65	53	49	50	53	57	61	64	66	67	68	69	70	70	71	73	74	75	76	77	78	79	80	80	80
106	106	106	106	105	105	103	102	101	99	98	96	94	92	89	87	83	79	75	70	66	63	62	64	71	85	104	126	146	161	169	169	162	150	131	108	84	65	54	50	50	54	58	61	65	67	68	69	70	70	71	72	73	74	75	76	77	78	79	80	80	81
106	106	106	105	105	104	103	101	100	99	97	95	93	91	89	87	84	80	75	70	66	63	62	64	71	85	105	127	147	161	169	169	163	150	131	109	85	66	55	50	51	54	58	62	65	67	69	70	70	71	71	72	73	75	76	76	77	78	79	80	81	81
106	106	105	105	104	103	102	100	99	98	96	95	93	91	89	87	83	79	75	70	66	63	61	63	71	85	104	126	146	160	167	167	162	150	132	109	86	67	55	51	51	55	59	62	66	68	69	70	71	71	72	73	74	75	76	77	77	78	79	80	81	82
106	106	105	104	104	103	101	100	98	97	96	94	93	91	89	86	83	79	75	70	66	63	61	63	70	84	103	125	144	158	165	165	160	149	131	110	87	68	56	51	52	55	59	63	66	68	69	70	71	72	73	74	74	75	76	77	78	79	80	81	82	82
106	106	105	104	103	102	101	100	98	97	95	94	92	90	88	86	83	79	74	70	66	62	61	63	70	83	102	123	142	156	162	163	158	147	131	109	87	68	56	51	52	55	59	63	66	68	69	70	71	72	73	74	75	76	76	77	78	79	80	81	82	83
106	106	105	104	103	102	101	100	98	97	95	93	92	90	88	86	83	79	74	70	65	62	60	62	69	82	101	122	140	154	161	161	156	146	129	108	86	68	56	51	52	55	59	63	66	68	69	70	71	72	73	74	75	76	77	77	78	79	81	82	83	83
106	106	105	104	103	103	102	100	98	97	95	93	92	90	88	86	83	79	75	70	65	62	60	62	69	82	101	121	140	153	160	160	155	144	127	106	85	67	56	51	52	55	59	63	66	68	69	70	71	72	73	74	75	76	77	78	79	80	81	82	83	84
106	106	105	104	103	103	102	100	99	97	95	93	92	90	89	87	84	80	75	70	65	62	60	62	69	82	101	121	140	153	160	160	154	142	125	104	83	66	56	51	52	55	59	63	66	68	69	70	71	72	73	74	75	76	77	78	79	80	81	83	84	84
106	106	105	104	103	103	102	101	99	97	95	94	92	91	89	87	84	80	75	70	65	62	60	62	69	83	101	122	141	155	162	162	155	141	123	102	81	65	55	51	52	55	59	63	66	68	69	70	72	73	73	74	75	76	77	78	79	80	82	83	84	84
106	106	105	104	103	102	101	100	99	97	96	94	92	91	90	88	85	80	76	71	66	62	60	62	69	83	102	122	141	156	164	164	156	141	121	99	79	64	54	51	51	55	59	63	66	68	69	70	71	72	73	74	75	76	77	79	80	81	82	83	84	85
106	106	105	104	103	102	101	100	99	97	95	94	92	91	90	88	85	81	76	71	66	62	60	62	70	84	102	123	142	157	165	165	156	140	119	97	77	63	54	51	51	55	59	62	65	67	69	70	71	72	74	75	76	77	78	79	80	82	83	84	85	86
106	106	105	104	103	102	101	100	98	97	95	93	92	91	89	87	84	80	76	71	66	63	61	63	71	85	103	123	142	157	166	165	156	139	118	95	76	62	54	51	52	55	59	62	65	67	69	70	71	72	74	75	76	77	78	80	81	82	84	85	86	87
106	106	105	104	103	102	101	100	98	96	95	93	91	90	89	87	84	80	75	71	66	62	61	63	71	85	104	124	143	158	166	166	156	138	117	94	75	62	54	51	52	55	59	62	65	67	69	70	71	73	74	75	76	77	79	80	81	83	84	86	87	87
106	106	105	104	103	102	101	100	98	96	95	93	91	90	88	86	83	79	75	71	66	62	60	63	71	86	105	125	144	158	166	165	155	138	116	94	75	61	54	51	52	55	59	62	65	67	69	70	72	73	74	75	76	78	79	80	82	83	85	86	87	88
106	106	105	104	103	103	102	100	99	97	95	93	91	90	88	86	83	79	75	71	66	62	60	63	71	86	106	126	145	159	166	165	155	137	116	94	75	61	53	50	52	55	59	62	65	67	69	70	72	73	74	75	76	78	79	81	82	83	85	86	87	88
106	105	105	104	104	103	102	101	99	97	95	93	91	90	88	86	83	79	75	71	66	62	60	62	71	86	106	126	145	159	166	164	154	137	115	93	74	60	52	49	51	55	59	62	65	67	69	71	72	73	74	75	76	78	79	81	82	84	85	86	88	88
105	105	105	104	104	103	102	101	99	97	95	93	92	90	88	86	83	79	75	71	66	62	60	61	70	85	105	126	145	159	165	163	154	137	116	93	73	59	51	49	50	54	58	62	64	67	69	71	72	73	74	75	76	78	79	81	82	84	85	87	88	89
105	105	105	104	103	103	102	100	99	97	95	94	92	90	88	86	83	79	76	71	67	62	60	61	69	85	105	126	145	158	164	163	154	138	116	94	73	58	50	48	50	54	58	62	64	67	69	71	72	73	74	75	76	78	80	81	83	84	86	87	88	89
105	105	105	104	103	102	101	100	99	97	95	94	92	90	89	86	83	80	76	72	67	63	60	61	69	84	104	126	145	158	164	162	154	138	117	95	73	58	50	48	50	54	58	62	65	67	69	71	72	73	74	75	76	78	80	82	83	85	86	88	89	90
105	105	105	104	103	102	101	100	99	97	96	94	92	91	89	86	84	80	76	72	67	63	60	61	69	84	105	127	146	158	164	162	154	139	118	95	73	58	50	48	51	55	58	62	65	67	69	71	72	73	74	75	77	78	80	82	84	85	87	89	90	91
105	105	105	105	104	103	101	100	99	97	96	94	93	91	89	87	84	80	76	72	67	63	60	62	69	84	104	126	146	159	164	163	155	140	119	95	73	57	49	48	51	55	59	62	65	67	69	71	72	73	74	75	77	79	80	82	84	86	88	89	91	91
105	105	105	105	104	103	102	101	99	98	96	95	93	91	89	87	84	81	77	72	67	63	60	62	69	84	104	126	146	159	165	164	156	140	119	94	72	57	49	48	51	55	59	62	65	67	69	71	73	74	75	76	77	79	81	82	84	86	88	90	91	92
105	106	106	105	105	104	103	101	100	98	97	95	93	92	90	87	84	81	77	72	67	63	60	62	69	84	104	126	146	160	167	165	157	141	119	94	71	56	48	48	51	55	59	62	64	67	69	71	73	74	75	76	77	79	81	83	85	87	89	90	92	92
106	106	106	106	105	104	103	102	100	99	97	95	93	92	90	87	84	81	77	72	67	62	60	62	69	83	104	126	147	161	169	168	158	141	118	93	70	55	48	47	50	54	58	61	64	67	69	71	73	74	75	76	78	79	81	83	85	87	89	91	92	92
107	106	106	106	105	104	103	102	100	99	97	95	93	92	90	87	84	81	77	72	67	62	59	61	69	83	104	127	147	162	170	170	161	143	119	92	69	54	48	47	50	54	58	61	64	66	69	71	73	75	76	77	78	80	82	84	86	87	89	90	91	92
107	107	106	106	105	104	103	102	100	99	97	95	93	92	90	87	84	81	77	72	66	61	59	61	68	83	104	127	147	163	171	171	162	144	119	92	69	54	48	47	50	54	57	60	63	66	69	71	73	75	76	77	79	80	82	84	86	88	89	90	91	91
107	107	106	106	105	104	103	102	100	99	97	95	93	91	89	87	84	81	77	72	66	61	59	60	68	83	104	126	147	162	172	173	164	145	120	93	70	55	48	47	49	53	57	60	63	66	69	72	74	75	76	77	79	81	83	85	87	88	90	91	91	92
107	107	107	106	105	104	103	102	100	99	97	95	93	91	89	87	84	81	76	71	66	61	59	60	68	83	104	126	146	162	172	173	165	148	123	95	72	56	49	47	49	53	56	60	63	66	69	72	74	75	77	78	79	81	83	85	87	89	90	91	92	92
108	108	107	107	106	105	103	102	101	99	97	95	93	91	89	87	84	80	76	71	66	61	59	61	69	84	104	126	146	162	172	174	167	150	126	99	75	59	50	47	48	52	56	60	63	66	69	72	74	76	77	78	80	81	83	85	87	89	90	91	92	92
108	108	108	107	106	105	104	102	101	99	97	95	93	91	89	87	84	80	76	71	65	61	60	62	69	84	104	126	146	162	172	175	169	153	130	103	79	61	51	47	48	52	56	60	63	66	69	72	74	76	78	79	80	82	83	85	87	89	90	91	92	93
108	108	108	107	106	105	104	102	100	99	97	95	93	91	89	87	84	80	75	70	65	62	60	62	69	84	104	126	146	163	173	176	171	155	132	106	82	64	52	47	48	51	56	60	64	67	70	73	75	77	78	80	81	82	84	85	87	89	90	91	92	92
108	108	107	107	106	105	103	102	100	98	96	94	92	90	88	86	83	80	75	70	65	62	60	61	68	83	103	125	146	163	174	177	172	157	134	108	84	65	53	47	48	51	56	61	65	68	71	74	76	78	79	80	82	83	84	86	87	89	90	91	92	92
107	107	107	107	106	104	103	101	99	97	95	94	92	90	88	86	83	80	75	70	65	61	59	60	67	81	101	124	145	163	174	178	173	158	135	109	84	65	52	47	48	52	57	61	66	69	72	75	77	79	80	81	82	84	85	86	88	89	90	91	92	92
106	107	107	106	105	104	102	100	98	97	95	93	91	90	88	86	83	80	76	71	65	61	59	60	66	80	99	121	143	162	174	178	173	158	135	108	83	64	52	47	48	52	57	62	67	70	73	76	78	79	81	82	83	84	86	87	88	89	90	91	92	92
106	106	106	105	104	103	101	100	98	96	94	93	91	89	87	85	83	80	76	71	66	61	58	59	65	78	97	118	140	159	172	177	172	157	134	108	83	63	51	47	48	52	57	63	67	71	74	76	78	80	81	82	83	85	86	87	89	90	90	91	91	92
105	106	106	105	104	103	101	99	97	96	94	92	91	89	87	85	82	79	76	71	66	61	58	58	64	76	93	115	136	156	170	176	172	157	134	107	82	63	51	47	48	53	58	63	67	71	74	76	78	80	81	82	83	85	86	88	89	90	90	91	91	91
105	105	105	105	104	102	101	99	97	95	93	92	90	89	87	84	82	79	75	71	66	61	58	58	63	74	90	110	132	153	168	174	171	156	134	107	82	63	51	47	49	53	58	63	67	71	74	76	78	80	81	82	84	85	87	88	89	90	91	91	91	91
105	105	105	104	103	102	100	99	97	95	93	91	90	88	86	84	82	79	75	71	66	61	58	57	61	71	86	106	128	149	165	173	170	156	134	107	82	62	51	47	49	53	58	63	67	71	74	76	78	80	81	82	84	85	87	88	89	90	91	91	91	91
105	105	104	104	103	101	100	98	97	95	93	91	90	88	86	84	81	78	75	71	66	61	58	57	60	68	82	101	124	146	164	172	170	157	135	108	82	62	50	47	49	53	58	63	67	71	74	76	78	80	81	82	84	85	87	88	89	90	91	91	91	91
105	105	104	103	102	101	99	98	97	95	93	91	90	88	86	83	81	78	75	71	66	61	58	56	59	66	79	98	121	144	163	172	171	158	136	109	82	62	50	46	48	52	58	63	67	71	73	76	78	79	81	82	83	85	86	88	89	90	91	91	91	91
105	104	104	103	102	100	99	98	96	95	93	91	89	88	85	83	80	78	74	70	66	61	58	56	58	65	78	96	119	142	162	173	172	160	137	109	82	61	49	45	47	52	57	62	67	70	73	75	77	79	80	81	83	84	86	88	89	90	91	91	91	91
105	104	103	102	101	100	98	97	96	94	93	91	89	87	85	82	80	77	74	70	66	61	58	56	57	64	76	94	116	140	161	173	174	161	138	110	83	61	48	44	47	52	57	62	66	70	72	74	76	78	80	81	82	84	86	87	89	90	90	91	91	91
105	104	103	102	101	99	98	97	96	94	92	90	88	86	84	82	79	77	74	70	66	61	57	55	56	62	74	92	114	139	160	173	174	162	140	111	83	61	48	44	47	52	57	62	66	69	72	74	76	78	80	81	82	84	86	87	88	89	90	90	91	91
105	104	103	102	101	99	98	97	96	94	92	90	88	86	84	81	79	77	74	70	66	61	57	54	55	61	73	90	113	138	159	173	174	162	140	111	83	61	49	45	47	52	57	62	66	69	71	74	76	78	80	81	83	84	86	87	88	89	89	90	90	90
104	104	103	102	101	100	98	97	96	94	92	90	88	86	83	81	79	77	74	70	65	60	55	53	54	60	72	90	112	137	158	171	173	161	138	110	82	61	49	46	48	53	58	62	66	69	71	74	76	78	80	81	83	84	86	87	88	89	89	89	89	89
104	104	103	102	101	100	98	97	96	94	92	90	88	86	84	81	79	77	74	70	65	59	55	52	53	59	71	89	112	136	157	169	170	158	136	109	82	61	49	46	48	53	58	62	65	68	71	73	76	78	80	82	83	85	86	87	88	88	89	89	89	88
104	103	103	102	101	99	98	97	96	94	93	91	89	87	84	82	79	77	73	69	64	59	54	52	53	59	71	89	112	136	155	166	167	156	135	108	82	62	50	47	49	53	58	62	65	68	71	73	75	77	80	81	83	85	86	87	88	88	88	88	88	88
103	103	102	101	100	99	98	97	96	94	93	91	90	87	85	82	79	76	73	69	64	58	54	52	53	58	70	89	112	135	154	164	164	153	133	108	83	63	51	47	49	53	57	61	65	68	70	73	75	77	79	81	83	84	86	87	87	88	88	88	87	87
103	102	101	100	99	98	97	96	95	94	93	92	90	88	85	82	79	76	73	69	64	59	55	52	53	58	70	88	112	135	153	163	163	152	133	108	84	64	52	48	49	52	57	61	64	67	70	72	75	77	79	81	83	84	85	86	87	87	87	87	87	86
102	102	101	100	99	98	97	96	95	94	93	92	90	88	86	83	80	76	73	69	64	59	55	52	52	58	69	88	112	135	153	163	162	151	132	108	84	65	52	48	49	52	57	61	64	67	70	72	75	77	79	81	82	83	85	86	86	87	87	87	86	86
102	102	101	100	98	97	96	95	94	93	92	91	90	88	86	83	80	77	73	69	64	59	55	52	52	57	69	88	112	135	154	163	162	151	132	108	84	65	53	48	49	52	56	61	64	67	70	72	75	77	79	80	82	83	84	85	86	87	87	86	86	86
101	101	100	99	98	97	96	95	93	92	92	91	89	88	85	83	80	76	73	68	64	59	55	52	52	57	69	88	112	136	154	162	161	150	131	107	84	65	53	48	49	52	56	61	64	67	70	72	75	77	78	80	81	82	84	85	86	86	86	86	86	85
100	100	99	99	98	97	96	94	93	92	91	89	88	87	85	82	79	76	72	68	63	58	54	51	51	57	70	89	113	136	154	162	160	148	128	106	84	66	54	49	49	52	57	61	65	67	70	72	75	77	78	80	81	82	83	84	85	86	86	86	85	85
99	99	99	98	97	96	95	94	92	91	90	88	87	86	84	82	79	76	72	68	63	58	53	50	51	58	71	91	115	138	154	161	158	145	126	104	83	66	54	49	49	52	57	61	65	67	70	72	75	77	78	80	81	82	83	84	85	85	86	85	85	84
98	98	98	97	97	96	95	94	92	91	89	88	86	85	83	81	79	75	72	68	63	58	53	50	52	59	73	94	118	140	155	161	157	143	123	102	82	66	55	49	49	52	57	61	65	67	70	72	75	77	79	80	81	82	83	84	85	85	85	85	84	84
98	97	97	97	96	95	94	93	92	90	89	87	86	84	83	81	78	75	72	68	63	58	53	50	52	60	75	97	120	142	157	162	156	141	121	100	81	65	55	50	49	52	57	61	64	67	70	72	75	77	79	80	81	82	83	84	84	84	84	84	84	83
97	97	96	96	95	95	94	93	91	90	88	87	85	84	82	80	77	75	71	67	63	58	53	50	52	61	77	98	123	145	160	163	155	139	119	98	79	64	55	49	49	52	57	61	64	67	69	72	75	77	79	80	81	82	83	83	84	84	83	83	83	83
97	97	96	95	95	94	93	92	90	89	87	86	84	83	81	79	76	74	70	67	62	57	52	50	52	61	77	100	124	147	161	164	155	137	116	95	78	64	54	49	49	52	56	61	64	67	69	72	75	77	79	80	81	82	82	83	83	83	83	82	82	82
97	96	96	95	94	93	92	91	89	88	86	85	83	81	80	77	75	72	69	65	61	56	52	49	52	61	77	100	125	148	162	164	154	136	114	94	77	63	54	49	48	51	56	60	64	67	69	72	75	77	79	80	81	82	82	82	82	82	82	81	81	81
96	96	95	94	93	92	91	90	88	86	85	83	82	80	78	76	74	71	68	64	60	55	51	49	52	61	77	100	125	148	161	163	153	134	112	93	76	63	54	48	48	51	56	60	64	67	69	72	75	77	79	80	81	81	82	82	82	82	81	81	80	80
96	96	95	94	93	92	90	88	87	85	83	82	80	79	77	75	73	70	67	63	58	54	50	48	51	60	77	100	124	146	160	161	150	132	111	92	76	63	53	48	47	51	56	60	64	67	70	72	75	77	79	80	81	81	81	81	81	81	81	80	80	79
96	95	95	94	92	91	89	87	85	84	82	80	79	78	76	74	72	69	66	62	57	53	49	47	50	59	77	99	123	145	157	159	149	132	112	93	76	63	53	48	47	50	55	60	64	67	70	73	75	77	78	80	80	81	81	81	81	81	80	80	79	79
95	95	94	93	92	90	88	86	84	82	81	79	78	77	75	73	71	68	65	61	56	51	47	45	48	58	76	98	122	143	156	158	149	133	114	94	76	63	53	47	47	50	55	60	64	67	70	73	75	77	78	79	80	80	81	81	80	80	80	79	79	78
94	94	94	92	91	89	87	85	83	81	79	78	77	76	74	72	70	68	65	61	56	51	46	44	47	56	74	96	121	141	155	158	150	136	116	96	77	62	52	47	47	50	55	60	64	67	70	72	75	77	78	79	80	80	80	80	80	80	79	79	78	78
94	93	93	92	90	88	86	84	82	80	79	77	76	75	74	72	70	68	65	61	56	50	45	43	45	54	71	94	118	139	153	157	151	137	118	97	77	61	50	46	46	50	55	60	64	67	70	72	74	76	78	79	79	80	80	80	80	80	79	79	78	78
93	93	92	91	90	88	86	83	81	80	78	77	76	75	74	72	70	68	64	60	55	50	45	42	43	52	68	90	114	134	148	154	150	137	119	97	77	60	50	45	46	50	55	60	64	67	70	72	74	76	78	79	79	80	80	80	80	79	79	78	78	78
93	92	92	91	90	88	86	83	81	80	78	77	76	75	74	72	70	67	64	60	55	50	44	41	41	49	64	84	106	127	141	148	147	136	119	97	77	60	49	45	46	50	55	60	64	67	70	72	74	76	77	78	79	79	80	80	80	79	79	78	78	78
93	92	92	91	90	88	86	84	82	80	78	77	76	75	74	72	70	67	64	60	55	50	44	40	40	46	60	78	99	119	135	143	143	135	119	98	77	60	49	44	46	50	55	60	64	67	70	72	74	76	77	78	79	79	80	80	80	79	79	78	78	78
92	92	91	91	89	88	86	84	82	80	79	77	76	75	74	72	70	67	64	60	55	49	43	38	38	44	56	73	94	115	131	140	141	135	120	99	78	60	49	44	46	50	55	60	64	67	70	72	74	76	77	78	78	79	80	80	80	79	79	78	78	78
92	92	91	90	89	87	86	84	82	80	79	77	76	75	74	72	70	67	64	60	55	49	42	37	36	42	54	71	91	113	130	140	143	137	122	102	80	62	50	45	46	51	55	60	64	67	70	72	74	75	76	77	78	79	80	80	80	80	79	78	78	78
92	91	91	90	88	87	85	84	82	80	78	77	76	75	73	72	69	67	64	60	55	48	41	36	35	40	51	69	90	113	132	144	147	141	126	106	84	65	52	47	47	51	56	60	64	67	69	72	73	75	76	77	78	79	79	80	80	80	79	79	78	78
91	91	90	89	88	86	85	83	81	80	78	77	76	75	73	71	69	66	63	60	54	48	41	35	34	38	49	67	90	113	134	148	151	145	130	110	88	68	55	49	49	52	56	60	64	67	69	71	73	75	76	77	77	78	79	79	79	79	79	79	79	79
90	90	89	88	87	86	84	83	81	79	78	77	76	74	73	70	68	66	63	59	54	48	41	35	33	36	47	64	88	113	135	150	154	148	134	114	91	72	58	51	50	53	57	61	64	67	69	71	73	75	76	76	77	78	78	79	79	79	79	79	79	79
89	89	88	88	87	86	84	83	81	79	78	77	76	74	72	70	67	65	62	59	54	48	41	36	34	37	46	63	87	113	136	151	156	151	137	116	94	74	59	52	51	54	58	61	64	67	69	71	73	75	76	76	77	78	78	78	78	79	79	79	79	79
89	88	88	87	87	86	85	83	81	79	78	77	76	74	72	70	67	65	62	58	54	48	42	37	36	39	48	65	89	115	138	154	159	154	139	118	95	75	60	52	51	54	58	62	65	67	70	72	73	75	76	77	77	78	78	78	78	79	79	79	79	79
88	88	88	87	87	86	85	83	81	80	78	77	76	74	72	70	67	64	62	58	54	48	43	39	38	42	52	70	94	120	143	157	162	155	140	119	96	75	59	52	51	54	58	62	65	68	70	72	74	75	76	77	78	79	79	79	79	79	79	79	79	80
88	88	88	88	87	86	85	83	81	80	78	77	76	74	72	70	67	65	62	58	53	48	43	40	40	45	57	75	100	125	147	160	163	156	141	120	97	75	60	52	51	54	58	62	66	68	71	73	75	76	77	78	79	80	80	80	80	80	80	80	80	80
89	88	88	88	87	86	85	83	81	80	78	77	75	74	72	70	68	65	62	58	53	48	44	41	41	47	60	79	104	129	149	162	164	156	141	120	97	76	60	52	51	54	58	63	66	69	71	73	75	77	78	79	80	80	81	81	81	80	81	81	81	81
89	88	88	88	87	86	85	83	81	79	78	77	75	74	72	70	68	65	62	58	53	48	44	41	42	48	61	81	106	130	150	161	163	155	141	121	98	77	61	53	51	54	58	63	66	69	72	74	76	77	78	79	80	81	81	81	81	81	81	81	82	81
88	88	88	87	86	86	84	82	81	79	78	76	75	73	72	70	68	65	62	58	53	48	43	41	42	48	61	82	106	131	150	160	161	154	140	121	99	78	62	53	51	54	58	62	66	69	72	74	76	77	79	80	81	81	82	82	82	82	82	82	82	81
87	87	87	86	86	85	83	82	80	79	77	76	75	73	71	69	67	65	61	58	53	48	43	40	41	48	62	82	107	131	150	160	161	154	140	122	100	80	63	54	51	53	58	62	66	70	72	75	76	78	79	80	81	81	82	82	82	82	82	82	81	81
86	86	86	85	85	84	83	82	80	78	77	76	75	73	71	69	67	64	61	57	53	47	43	40	41	49	63	84	109	132	151	161	162	155	141	123	101	81	64	54	51	53	57	62	66	70	72	75	76	78	79	80	81	81	81	81	82	82	81	81	81	81
85	85	85	85	85	84	83	81	80	78	77	76	74	73	71	69	67	64	61	57	53	48	43	40	42	50	66	87	112	135	152	162	163	156	142	123	102	81	65	55	51	52	56	61	66	69	72	74	76	78	79	79	80	80	80	81	81	81	81	81	81	80
85	85	85	85	85	84	83	81	80	78	77	76	75	73	71	69	67	64	61	58	53	48	43	41	43	52	68	90	114	137	154	163	164	157	142	123	102	81	65	55	51	51	55	60	65	68	71	74	76	77	78	79	79	79	79	80	80	80	80	80	80	80
86	86	85	85	85	84	83	82	80	79	77	76	75	73	71	69	67	64	61	58	53	48	44	41	44	54	70	91	115	137	154	163	164	156	142	122	101	81	64	54	50	51	54	59	64	67	71	73	75	76	77	78	78	78	79	79	79	80	80	80	80	80
87	86	86	86	86	85	84	82	81	79	78	76	75	73	71	69	67	65	61	58	53	48	44	42	46	55	70	91	114	136	153	162	163	156	141	122	100	80	64	54	50	50	54	58	63	67	70	72	74	76	77	77	78	78	78	78	79	79	80	80	80	80
88	87	87	87	86	86	84	83	81	80	78	76	74	73	71	69	67	64	61	57	53	48	44	42	46	55	70	90	113	135	152	162	163	156	141	122	100	79	63	53	50	50	53	57	62	66	69	72	74	76	77	77	78	78	78	78	78	79	79	79	80	80
89	88	88	88	87	86	85	83	81	80	78	76	74	73	71	69	67	64	61	57	52	47	44	43	46	55	69	89	112	135	152	163	164	157	143	124	102	80	63	53	49	50	53	57	62	65	69	72	74	76	77	78	78	78	78	78	78	78	79	79	79	80
90	89	89	88	87	86	85	83	81	80	78	76	74	73	71	69	67	64	61	56	51	47	43	42	46	54	69	89	113	136	154	164	166	160	146	126	103	81	63	53	49	51	54	58	62	65	69	72	74	76	77	78	78	78	78	78	78	78	79	79	79	79
90	90	89	88	87	86	85	83	81	79	78	76	74	73	71	70	67	64	61	56	51	46	43	42	44	53	68	89	114	138	156	167	169	163	149	129	105	82	64	53	50	51	55	59	62	66	69	72	74	76	77	78	79	79	78	78	78	78	79	79	79	79
91	90	89	89	88	86	85	83	81	80	78	76	74	73	72	70	68	65	61	56	51	46	42	40	42	51	67	89	115	139	158	168	170	164	150	129	105	81	63	53	50	52	56	60	63	66	69	72	74	76	77	79	79	79	79	78	78	78	78	79	79	79
91	90	90	89	88	87	85	84	82	80	78	76	75	73	72	71	68	65	61	56	51	45	41	38	40	49	66	89	115	139	158	169	170	164	149	128	103	80	62	53	51	53	57	60	64	67	69	72	74	76	78	79	79	80	79	79	79	78	78	78	79	79
91	90	90	89	88	87	86	85	83	81	79	77	75	74	73	71	69	66	61	56	50	45	40	37	39	49	66	89	114	139	157	168	169	162	147	125	101	78	61	52	50	53	57	61	64	67	70	72	74	76	78	79	80	80	80	80	79	79	79	78	79	79
91	90	90	89	89	88	87	85	84	82	80	78	76	74	73	71	69	67	62	57	51	45	40	37	39	49	65	88	113	137	156	166	168	161	145	123	99	76	60	51	49	52	57	61	64	68	70	73	75	76	78	79	80	80	81	80	80	80	79	79	79	79
91	91	90	90	89	88	87	86	84	83	81	79	77	75	73	72	70	67	63	58	52	45	40	38	40	50	67	89	113	137	155	165	167	160	144	122	98	76	59	50	49	52	56	61	65	68	71	73	75	76	78	79	80	80	81	81	81	80	80	80	80	79
91	91	91	90	89	88	87	86	85	83	81	79	77	75	74	72	70	68	64	59	53	47	41	39	43	54	71	93	116	138	156	166	168	161	145	124	99	77	59	50	48	52	56	61	65	68	70	73	74	76	77	78	79	80	81	81	81	82	81	81	81	80
92	92	91	90	90	89	88	87	85	83	81	79	78	76	74	72	70	68	65	60	54	48	43	42	47	59	77	99	122	143	160	170	171	164	149	128	103	80	61	51	48	52	56	61	64	67	70	72	73	75	76	77	78	80	80	81	82	82	83	82	82	82
93	92	92	91	90	89	88	87	86	84	82	80	78	76	74	72	70	68	65	60	55	50	46	46	53	67	85	108	131	152	167	176	177	170	156	135	111	86	66	53	50	52	57	61	64	66	69	71	72	74	75	76	78	79	80	81	82	83	84	84	83	83
93	93	92	91	90	90	89	87	86	84	82	80	78	76	74	72	70	68	65	61	56	51	48	51	60	75	96	119	142	163	178	186	187	180	166	147	122	96	73	58	52	53	56	60	63	66	68	70	72	73	75	76	77	78	80	81	82	83	84	84	84	84
94	93	92	92	91	90	89	88	86	84	82	80	78	76	74	72	70	68	65	61	56	53	52	56	67	85	108	132	156	177	191	199	199	192	179	161	137	110	84	65	55	54	56	60	63	65	68	70	72	73	75	76	77	78	79	80	82	83	84	85	85	84
94	93	93	92	91	91	90	88	87	85	82	80	78	76	74	72	70	68	65	61	57	54	55	62	76	96	121	147	171	193	206	213	213	207	194	177	152	124	94	72	59	55	56	59	63	65	68	70	72	74	75	76	77	77	79	80	82	83	84	85	85	85
94	94	93	92	92	91	90	89	87	85	83	80	78	76	74	73	71	68	65	61	57	56	59	68	85	107	133	160	186	207	220	226	226	220	208	190	165	134	103	77	61	55	55	59	62	65	68	70	72	74	75	76	76	77	78	80	81	83	84	84	85	85
94	94	93	93	92	91	90	89	88	86	83	81	79	77	75	73	71	69	66	62	58	58	62	74	92	116	143	171	197	218	231	236	235	229	217	198	172	139	106	79	61	54	54	58	61	65	68	70	73	74	76	76	77	77	78	79	81	82	83	84	84	84
94	94	93	93	92	92	91	90	88	86	84	82	80	78	76	74	72	69	66	62	58	59	65	77	97	121	149	177	203	224	237	242	240	232	219	199	171	138	104	76	59	52	52	56	60	64	68	71	73	75	76	77	77	77	78	79	80	82	83	83	84	84
94	94	93	93	92	92	91	90	89	87	85	83	81	79	77	75	73	70	66	62	58	59	65	78	96	120	148	176	203	224	237	241	239	229	214	191	162	129	96	70	54	48	50	54	59	64	67	71	74	76	77	78	78	78	78	79	80	81	82	83	83	83
94	93	93	93	92	92	91	90	89	87	86	84	82	80	78	75	73	70	66	61	58	58	63	75	92	114	140	168	195	217	230	235	231	220	202	178	148	116	86	63	49	45	47	52	58	63	67	71	74	77	78	79	79	79	79	79	80	81	81	82	83	83
94	93	93	92	92	92	91	90	89	88	86	84	82	80	78	76	73	70	66	61	57	56	60	69	84	104	128	155	182	204	218	223	218	206	186	161	131	101	75	56	45	43	45	50	56	62	67	71	75	77	79	80	80	80	79	79	80	80	81	82	82	83
94	93	93	92	92	92	91	90	89	88	86	84	82	80	78	76	73	70	65	60	56	54	56	63	75	93	115	141	168	190	204	208	203	190	170	144	116	89	66	51	43	41	44	49	55	61	66	71	75	78	80	81	81	81	80	79	79	80	80	81	82	82
94	93	93	92	92	92	91	90	89	88	86	84	82	80	78	76	73	69	65	60	55	52	53	59	69	86	107	132	158	180	194	198	193	180	159	134	107	82	61	48	42	41	44	49	55	61	66	71	75	78	80	81	82	81	80	79	79	79	80	81	81	82
